Final Vel (m/s),K Constant
0.04385962222700249,1
0.046291947967289096,1.1
0.048420799642967915,1.2000000000000002
0.05039796788978368,1.3000000000000003
0.052300444459159205,1.4000000000000004
0.054136099560990456,1.5000000000000004
0.05591152895492405,1.6000000000000005
0.0576322739003485,1.7000000000000006
0.059303104324616746,1.8000000000000007
0.0609281757559606,1.9000000000000008
0.06251099026965642,2.000000000000001
0.06405464782649312,2.100000000000001
0.06556208337980315,2.200000000000001
0.06703557284749133,2.300000000000001
0.0684773610075248,2.4000000000000012
0.06988941819388116,2.5000000000000013
0.07127343565649678,2.6000000000000014
0.07263121584208045,2.7000000000000015
0.0739640105686386,2.8000000000000016
0.07527312718365531,2.9000000000000017
0.07656002653090288,3.0000000000000018
0.0778255546724759,3.100000000000002
0.07907085698642514,3.200000000000002
0.08029674050431523,3.300000000000002
0.08150437106488254,3.400000000000002
0.08269428424536002,3.500000000000002
0.08386731023186829,3.6000000000000023
0.08502415563006124,3.7000000000000024
0.08616547391688714,3.8000000000000025
0.08729174446017207,3.9000000000000026
0.08840390035076495,4.000000000000003
0.08950212670106888,4.100000000000002
0.09058689504263731,4.200000000000002
0.09165903697332933,4.300000000000002
0.09271871226903096,4.400000000000001
0.09376633234805958,4.500000000000001
0.09480261360824947,4.6000000000000005
0.09582751934465188,4.7
0.09684156890355201,4.8
0.09784521264835187,4.8999999999999995
0.09883852543736296,4.999999999999999
0.09982205769204701,5.099999999999999
0.10079588601092714,5.199999999999998
0.10176047909372776,5.299999999999998
0.10271608272376652,5.399999999999998
0.10366274631050681,5.499999999999997
0.10460091290017387,5.599999999999997
0.1055307301124894,5.699999999999997
0.10645240126344331,5.799999999999996
0.10736614659109554,5.899999999999996
0.10827226415153948,5.999999999999996
0.10917074553265876,6.099999999999995
0.11006175503358927,6.199999999999995
0.11094605591667239,6.2999999999999945
0.11182310271127922,6.399999999999994
0.1126931430836774,6.499999999999994
0.11355691566400912,6.599999999999993
0.11441395587306614,6.699999999999993
0.11526455012178219,6.799999999999993
0.11610908065112095,6.899999999999992
0.11694733041699412,6.999999999999992
0.1177797972059037,7.099999999999992
0.11860633381242931,7.199999999999991
0.11942696745031116,7.299999999999991
0.12024230095051255,7.399999999999991
0.12105201808979332,7.49999999999999
0.12185626098327437,7.59999999999999
0.12265548503944664,7.6999999999999895
0.1234494020818805,7.799999999999989
0.12423799576323746,7.899999999999989
0.12502187814391033,7.9999999999999885
0.12580103238213813,8.099999999999989
0.12657511325466042,8.199999999999989
0.12734465944220044,8.299999999999988
0.12810947366160516,8.399999999999988
0.12886963637939972,8.499999999999988
0.1296252798997779,8.599999999999987
0.13037664730010437,8.699999999999987
0.1311239355989968,8.799999999999986
0.13186693152104856,8.899999999999986
0.1326057217789024,8.999999999999986
0.1333403827430423,9.099999999999985
0.13407098059414047,9.199999999999985
0.13479757147091453,9.299999999999985
0.13552020161367193,9.399999999999984
0.13623921140439132,9.499999999999984
0.13695459518661915,9.599999999999984
0.13766622287440283,9.699999999999983
0.13837410478530401,9.799999999999983
0.13907824197669785,9.899999999999983
0.13977890638995025,9.999999999999982
0.14047610064692123,10.099999999999982
0.1411695665070495,10.199999999999982
0.14185965742444867,10.299999999999981
0.1425470687324259,10.39999999999998
0.14323076594122588,10.49999999999998
0.1439112477805778,10.59999999999998
0.14458827773736985,10.69999999999998
0.14526213687130396,10.79999999999998
0.14593352998211423,10.899999999999979
0.1466013550094408,10.999999999999979
0.14726612177473108,11.099999999999978
0.14792776638712105,11.199999999999978
0.1485870829642884,11.299999999999978
0.14924311163808257,11.399999999999977
0.14989564956691606,11.499999999999977
0.15054653940294954,11.599999999999977
0.1511940358959574,11.699999999999976
0.15183842108345935,11.799999999999976
0.15248080690585747,11.899999999999975
0.1531201546729495,11.999999999999975
0.1537563573957102,12.099999999999975
0.1543909281525548,12.199999999999974
0.15502240376373552,12.299999999999974
0.1556505409756966,12.399999999999974
0.1562776287058099,12.499999999999973
0.1569014053313927,12.599999999999973
0.1575227625091567,12.699999999999973
0.1581418428761646,12.799999999999972
0.1587574898375166,12.899999999999972
0.15937252792765094,12.999999999999972
0.1599841250984777,13.099999999999971
0.16059382022526386,13.19999999999997
0.1612010069155929,13.29999999999997
0.16180559477629847,13.39999999999997
0.1624084937714892,13.49999999999997
0.1630082061392744,13.59999999999997
0.16360692038868774,13.699999999999969
0.16420225663593752,13.799999999999969
0.16479690677149794,13.899999999999968
0.16538811433716552,13.999999999999968
0.16597833704512008,14.099999999999968
0.16656539836306494,14.199999999999967
0.16715136974386227,14.299999999999967
0.16773431805399638,14.399999999999967
0.1683161997919438,14.499999999999966
0.1688950501447092,14.599999999999966
0.16947298978612227,14.699999999999966
0.17004773936297657,14.799999999999965
0.17062187058389391,14.899999999999965
0.17119249900627964,14.999999999999964
0.1717631602213143,15.099999999999964
0.1723304143546065,15.199999999999964
0.17289709617948262,15.299999999999963
0.17346089836411283,15.399999999999963
0.17402348790515415,15.499999999999963
0.17458392775972925,15.599999999999962
0.17514234842685425,15.699999999999962
0.17569950275984908,15.799999999999962
0.1762536616334747,15.899999999999961
0.17680786936609968,15.999999999999961
0.17735915668461583,16.099999999999962
0.17790968848009095,16.199999999999964
0.17845791973737263,16.299999999999965
0.1790040551516251,16.399999999999967
0.1795492664000783,16.499999999999968
0.1800917547004888,16.59999999999997
0.1806343610022735,16.69999999999997
0.18117430468109583,16.799999999999972
0.18171229704322722,16.899999999999974
0.18224935917576174,16.999999999999975
0.182784065140659,17.099999999999977
0.1833185201025125,17.199999999999978
0.18385066950297627,17.29999999999998
0.1843802129801046,17.39999999999998
0.18491022676125032,17.499999999999982
0.18543767994153096,17.599999999999984
0.18596357539740432,17.699999999999985
0.18648828724274946,17.799999999999986
0.18701099300984292,17.899999999999988
0.18753321569563325,17.99999999999999
0.18805346851072785,18.09999999999999
0.1885711419667281,18.199999999999992
0.18908963638885581,18.299999999999994
0.18960558270068606,18.399999999999995
0.19011859237823991,18.499999999999996
0.1906332729233613,18.599999999999998
0.1911450432330463,18.7
0.1916538139630542,18.8
0.19216449514834016,18.900000000000002
0.19267219840704844,19.000000000000004
0.19317693028653304,19.100000000000005
0.19368360872297388,19.200000000000006
0.19418733278744782,19.300000000000008
0.19468842360800415,19.40000000000001
0.19519085646353232,19.50000000000001
0.19569066853239622,19.600000000000012
0.19618843271664907,19.700000000000014
0.1966864196339755,19.800000000000015
0.1971823666659714,19.900000000000016
0.19767710592758964,20.000000000000018
0.1981704191834469,20.10000000000002
0.19866330331420984,20.20000000000002
0.19915453194061172,20.300000000000022
0.1996429169339542,20.400000000000023
0.20013325155995962,20.500000000000025
0.2006207409984126,20.600000000000026
0.2011061920918438,20.700000000000028
0.20159197108719526,20.80000000000003
0.20207599669722165,20.90000000000003
0.20255906164725737,21.000000000000032
0.20303939716317085,21.100000000000033
0.20352149636212274,21.200000000000035
0.20400085542622068,21.300000000000036
0.2044784743506914,21.400000000000038
0.20495582636599338,21.50000000000004
0.205432412721645,21.60000000000004
0.20590753229333061,21.700000000000042
0.20637984895947029,21.800000000000043
0.20685402968064664,21.900000000000045
0.20732552745332092,22.000000000000046
0.20779651291453738,22.100000000000048
0.20826427174698275,22.20000000000005
0.20873472207334995,22.30000000000005
0.2092019216435833,22.400000000000052
0.20966846448245077,22.500000000000053
0.21013244704234527,22.600000000000055
0.21059851083325745,22.700000000000056
0.21106160200789206,22.800000000000058
0.21152394771541766,22.90000000000006
0.2119838454118366,23.00000000000006
0.2124458981502832,23.100000000000062
0.21290490231105538,23.200000000000063
0.21336341937778128,23.300000000000065
0.2138188825856375,23.400000000000066
0.21427728357120454,23.500000000000068
0.21473232628704494,23.60000000000007
0.21518723468171838,23.70000000000007
0.21563895082584839,23.80000000000007
0.21609296634169858,23.900000000000073
0.21654478842024885,24.000000000000075
0.21699564957819145,24.100000000000076
0.2174443132150741,24.200000000000077
0.21789314764171622,24.30000000000008
0.21834207518465185,24.40000000000008
0.21878882294432087,24.50000000000008
0.21923475378834625,24.600000000000083
0.21967793272136105,24.700000000000085
0.22012427695971468,24.800000000000086
0.22056752474182517,24.900000000000087
0.22101032174143873,25.00000000000009
0.2214507591696401,25.10000000000009
0.22189139060870713,25.20000000000009
0.22233243300947406,25.300000000000093
0.22277097365039816,25.400000000000095
0.22320935437605144,25.500000000000096
0.22364475492411318,25.600000000000097
0.22408243911892664,25.7000000000001
0.22451862576642284,25.8000000000001
0.22495317420860128,25.9000000000001
0.22538687116241146,26.000000000000103
0.22581767106818057,26.100000000000104
0.2262519509978954,26.200000000000106
0.22668370797935028,26.300000000000107
0.2271142347887776,26.40000000000011
0.2275436667788519,26.50000000000011
0.22797028260649757,26.60000000000011
0.2284006452308568,26.700000000000113
0.22882837924380248,26.800000000000114
0.22925481759129102,26.900000000000116
0.22968038425938667,27.000000000000117
0.2301032134907192,27.10000000000012
0.23052909094012328,27.20000000000012
0.23095318986778196,27.30000000000012
0.2313754363975108,27.400000000000123
0.23179751878284216,27.500000000000124
0.23221694037735963,27.600000000000126
0.2326377110874952,27.700000000000127
0.23305854454369979,27.80000000000013
0.23347676583544855,27.90000000000013
0.23389542127328655,28.00000000000013
0.23431179619845027,28.100000000000133
0.23472678599492336,28.200000000000134
0.23514470584004699,28.300000000000136
0.23556008693281558,28.400000000000137
0.23597430182504975,28.50000000000014
0.23638797355824243,28.60000000000014
0.236799135661505,28.70000000000014
0.23721179752579694,28.800000000000143
0.23762467112924282,28.900000000000144
0.23803508119150144,29.000000000000146
0.23844552796873425,29.100000000000147
0.23885438401409056,29.20000000000015
0.23926080472221492,29.30000000000015
0.2396704898287103,29.40000000000015
0.24007877790857068,29.500000000000153
0.24048467548519878,29.600000000000154
0.24089123903440557,29.700000000000156
0.241295730507247,29.800000000000157
0.24169785879947783,29.90000000000016
0.24210384629158624,30.00000000000016
0.2425079874308081,30.10000000000016
0.24290980901827464,30.200000000000163
0.24331232765124403,30.300000000000164
0.24371288385574277,30.400000000000166
0.24411114698521724,30.500000000000167
0.24451264557400904,30.60000000000017
0.2449130569228263,30.70000000000017
0.24531121766751518,30.80000000000017
0.24570948424563605,30.900000000000173
0.24610651335983902,31.000000000000174
0.24650131753457477,31.100000000000176
0.24689746701818976,31.200000000000177
0.24729454495716788,31.30000000000018
0.2476894393144882,31.40000000000018
0.24808320231663353,31.50000000000018
0.2484770920389519,31.600000000000183
0.2488688230644702,31.700000000000184
0.2492586957768112,31.800000000000185
0.24965281654252316,31.900000000000187
0.2500448188988162,32.000000000000185
0.250434705704991,32.100000000000186
0.2508249015966538,32.20000000000019
0.2512139254822146,32.30000000000019
0.2516008579025796,32.40000000000019
0.2519880479544264,32.50000000000019
0.2523775132136,32.60000000000019
0.2527649261719378,32.700000000000195
0.2531502895426129,32.800000000000196
0.25353670066508477,32.9000000000002
0.25392133526209065,33.0000000000002
0.25430394359031355,33.1000000000002
0.25468749546348163,33.2000000000002
0.25507276884380553,33.3000000000002
0.25545605404317756,33.400000000000205
0.2558373536351305,33.500000000000206
0.2562197061070122,33.60000000000021
0.25660040375353965,33.70000000000021
0.2569791383777298,33.80000000000021
0.25735800933393366,33.90000000000021
0.257739530653877,34.00000000000021
0.2581191260068667,34.100000000000215
0.258496797833013,34.200000000000216
0.25887476294780376,34.30000000000022
0.25925195257189493,34.40000000000022
0.25962724055109776,34.50000000000022
0.2600006292794619,34.60000000000022
0.26037848862065655,34.70000000000022
0.26075480908446386,34.800000000000225
0.26112926628074806,34.900000000000226
0.2615024618309534,35.00000000000023
0.2618765497034042,35.10000000000023
0.2622487955163253,35.20000000000023
0.262619201538455,35.30000000000023
0.26299008242100175,35.40000000000023
0.2633635207227611,35.500000000000234
0.26373515426952315,35.600000000000236
0.2641049852506534,35.70000000000024
0.26447451624706925,35.80000000000024
0.26484410249624024,35.90000000000024
0.26521190670122496,36.00000000000024
0.2655779310095668,36.10000000000024
0.2659454353229245,36.200000000000244
0.26631461472323364,36.300000000000246
0.2666820482781864,36.40000000000025
0.2670477380595769,36.50000000000025
0.26741322087320674,36.60000000000025
0.26777878300509256,36.70000000000025
0.2681426212284029,36.80000000000025
0.26850473757510845,36.900000000000254
0.26886756434858466,37.000000000000256
0.2692329475370633,37.10000000000026
0.2695966419576964,37.20000000000026
0.26995864957017285,37.30000000000026
0.27031963548394555,37.40000000000026
0.27068162526632517,37.50000000000026
0.27104194747761506,37.600000000000264
0.27140060403959226,37.700000000000266
0.27175759687274464,37.80000000000027
0.2721193735911985,37.90000000000027
0.27247976455517675,38.00000000000027
0.27283852392855484,38.10000000000027
0.27319565356292647,38.20000000000027
0.2735533450869231,38.300000000000274
0.2739105764627987,38.400000000000276
0.27426619670100727,38.50000000000028
0.27462020761708716,38.60000000000028
0.2749744339476389,38.70000000000028
0.27533193278581364,38.80000000000028
0.2756878535777607,38.90000000000028
0.2760421980733049,39.000000000000284
0.27639496802114194,39.100000000000286
0.27674889065452735,39.20000000000029
0.27710187411988485,39.30000000000029
0.2774533010321214,39.40000000000029
0.27780317310564734,39.50000000000029
0.2781533593934134,39.60000000000029
0.27850682776672214,39.700000000000294
0.27885877168855283,39.800000000000296
0.27920919281070644,39.9000000000003
0.2795580927839422,40.0000000000003
0.2799076954028229,40.1000000000003
0.2802569131389213,40.2000000000003
0.2806046271413437,40.3000000000003
0.280950839028255,40.400000000000304
0.2812955504168062,40.500000000000306
0.28164524581254946,40.60000000000031
0.28199367844830137,40.70000000000031
0.28234064006457193,40.80000000000031
0.28268613221892386,40.90000000000031
0.2830307890503993,41.00000000000031
0.283376695929402,41.100000000000314
0.283721150208304,41.200000000000315
0.28406415341368596,41.30000000000032
0.28440570707119545,41.40000000000032
0.2847479875448154,41.50000000000032
0.2850933477271909,41.60000000000032
0.28543728703028254,41.70000000000032
0.285779806922988,41.800000000000324
0.286120908873321,41.900000000000325
0.2864618439374446,42.00000000000033
0.28680346538595947,42.10000000000033
0.2871436851964347,42.20000000000033
0.2874825048074638,42.30000000000033
0.287819925656782,42.40000000000033
0.2881581788401906,42.500000000000334
0.2884995072481063,42.600000000000335
0.2888394647338357,42.70000000000034
0.2891780526811246,42.80000000000034
0.2895152724729068,42.90000000000034
0.28985179859605376,43.00000000000034
0.29018963495180866,43.10000000000034
0.2905261189248724,43.200000000000344
0.2908612518702483,43.300000000000345
0.2911950351421497,43.40000000000035
0.2915274700940015,43.50000000000035
0.2918650911133959,43.60000000000035
0.29220154855647906,43.70000000000035
0.29253668467686544,43.80000000000035
0.2928705007766719,43.900000000000354
0.2932029981572674,44.000000000000355
0.29353636730540644,44.10000000000036
0.2938695848295729,44.20000000000036
0.29420149887455566,44.30000000000036
0.2945321107152355,44.40000000000036
0.29486142162576706,44.50000000000036
0.2951910053823054,44.600000000000364
0.2955244158897773,44.700000000000365
0.2958565517104808,44.80000000000037
0.29618741406978044,44.90000000000037
0.296517004192355,45.00000000000037
0.296845323302198,45.10000000000037
0.29717476314884256,45.20000000000037
0.2975038979318853,45.300000000000374
0.29783177643513087,45.400000000000375
0.29815839985745396,45.50000000000038
0.29848376939706506,45.60000000000038
0.29880849824678574,45.70000000000038
0.29913805770081453,45.80000000000038
0.29946638874872844,45.90000000000038
0.29979349254239,46.000000000000384
0.3001193702330346,46.100000000000385
0.3004440229712685,46.20000000000039
0.30076866225615184,46.30000000000039
0.30109421842634515,46.40000000000039
0.30141856389414795,46.50000000000039
0.3017416997863545,46.60000000000039
0.30206362722914765,46.700000000000394
0.30238434734810055,46.800000000000395
0.30270737010654974,46.9000000000004
0.3030323819717575,47.0000000000004
0.3033562112149171,47.1000000000004
0.3036788589176219,47.2000000000004
0.3040003261608889,47.3000000000004
0.30432061402515986,47.400000000000404
0.30464164822823425,47.500000000000405
0.30496293248031575,47.600000000000406
0.3052830511212598,47.70000000000041
0.305602005208955,47.80000000000041
0.3059197958007313,47.90000000000041
0.30623642395335904,48.00000000000041
0.3065553212261792,48.10000000000041
0.3068763298979911,48.200000000000415
0.3071962000951588,48.300000000000416
0.30751493283272935,48.40000000000042
0.30783252912522047,48.50000000000042
0.3081489899866259,48.60000000000042
0.3084654290868607,48.70000000000042
0.3087829712529391,48.80000000000042
0.30909939129729846,48.900000000000425
0.30941469021257473,49.000000000000426
0.309728868990894,49.10000000000043
0.310041928623871,49.20000000000043
0.31035409322623875,49.30000000000043
0.3106716094998039,49.40000000000043
0.310988029890332,49.50000000000043
0.3113033553498627,49.600000000000435
0.3116175868299531,49.700000000000436
0.31193072528168125,49.80000000000044
0.3122427716556418,49.90000000000044
0.31255576687467673,50.00000000000044
0.31286898362829546,50.10000000000044
0.31318112115750163,50.20000000000044
0.31349218039268856,50.300000000000445
0.3138021622637816,50.400000000000446
0.31411106770024044,50.50000000000045
0.31441930620245967,50.60000000000045
0.31473275378620635,50.70000000000045
0.3150451474911551,50.80000000000045
0.31535648820926593,50.90000000000045
0.3156667768320597,51.000000000000455
0.31597601425061805,51.100000000000456
0.3162842013555831,51.20000000000046
0.31659261517910336,51.30000000000046
0.3169020534977366,51.40000000000046
0.31721045392305824,51.50000000000046
0.31751781732660306,51.60000000000046
0.31782414457948,51.700000000000465
0.3181294365523727,51.800000000000466
0.3184336941155388,51.90000000000047
0.31874072978773454,52.00000000000047
0.3190496228866507,52.10000000000047
0.31935750342457536,52.20000000000047
0.3196643722362693,52.30000000000047
0.3199702301560928,52.400000000000475
0.32027507801800487,52.500000000000476
0.320578916655566,52.60000000000048
0.32088382268982857,52.70000000000048
0.32118899659500355,52.80000000000048
0.3214931732668506,52.90000000000048
0.32179635352087516,53.00000000000048
0.32209853817219336,53.100000000000485
0.32239972803553457,53.200000000000486
0.3226999239252396,53.30000000000049
0.32300268387852155,53.40000000000049
0.3233075947536638,53.50000000000049
0.32361153283265326,53.60000000000049
0.3239144988962378,53.70000000000049
0.32421649372480127,53.800000000000495
0.3245175180983616,53.900000000000496
0.32481757279657353,54.0000000000005
0.3251176553024303,54.1000000000005
0.3254191209377781,54.2000000000005
0.32571962848156905,54.3000000000005
0.32601917869640146,54.4000000000005
0.3263177723445211,54.500000000000504
0.32661541018782014,54.600000000000506
0.3269120929878384,54.70000000000051
0.3272078215057624,54.80000000000051
0.32750873179542106,54.90000000000051
0.3278092610342004,55.00000000000051
0.32810885649907073,55.10000000000051
0.3284075189194574,55.200000000000514
0.3287052490244555,55.300000000000516
0.3290020475428279,55.40000000000052
0.3292979152030058,55.50000000000052
0.3295941328896484,55.60000000000052
0.32989148953288605,55.70000000000052
0.33018792649929535,55.80000000000052
0.3304834445012111,55.900000000000524
0.3307780442506469,56.000000000000526
0.3310717264592949,56.10000000000053
0.3313644918385272,56.20000000000053
0.33165634109939557,56.30000000000053
0.33195191164287047,56.40000000000053
0.33224863313016695,56.50000000000053
0.3325444583724421,56.600000000000534
0.332839388050727,56.700000000000536
0.3331334228457526,56.80000000000054
0.3334265634379472,56.90000000000054
0.33371881050744007,57.00000000000054
0.3340101647340578,57.10000000000054
0.33430344272706203,57.20000000000054
0.3345963656250079,57.300000000000544
0.3348884064651044,57.400000000000546
0.3351795659120001,57.50000000000055
0.3354698446300522,57.60000000000055
0.3357592432833279,57.70000000000055
0.3360477625356012,57.80000000000055
0.3363354030503563,57.90000000000055
0.3366276923325538,58.000000000000554
0.33692028140907476,58.100000000000556
0.33721201099051545,58.20000000000056
0.3375028817120131,58.30000000000056
0.3377928942084315,58.40000000000056
0.33808204911436124,58.50000000000056
0.3383703470641197,58.60000000000056
0.3386577886917523,58.700000000000564
0.3389465134903541,58.800000000000566
0.339235594647136,58.90000000000057
0.33952382989170626,59.00000000000057
0.3398112198438027,59.10000000000057
0.34009776512289636,59.20000000000057
0.3403834663481959,59.30000000000057
0.3406683241386452,59.400000000000574
0.3409523391129247,59.500000000000576
0.3412373790476852,59.60000000000058
0.34152640446919275,59.70000000000058
0.34181460571887656,59.80000000000058
0.34210198338865727,59.90000000000058
0.34238853807020925,60.00000000000058
0.3426742703549583,60.100000000000584
0.3429591808340834,60.200000000000585
0.34324327009851624,60.30000000000059
0.3435265387389411,60.40000000000059
0.3438114554084561,60.50000000000059
0.3440964353872059,60.60000000000059
0.34438060478328253,60.70000000000059
0.3446639641738946,60.800000000000594
0.34494651413601135,60.900000000000595
0.3452282552463632,61.0000000000006
0.34550918808144065,61.1000000000006
0.3457893132174969,61.2000000000006
0.3460687181285286,61.3000000000006
0.34635391909961893,61.4000000000006
0.34663833042333897,61.500000000000604
0.34692195265070536,61.600000000000605
0.34720478633250984,61.70000000000061
0.34748683201932096,61.80000000000061
0.34776809026148353,61.90000000000061
0.34804856160911796,62.00000000000061
0.3483282466121225,62.10000000000061
0.34860746778475044,62.200000000000614
0.34888892710781233,62.300000000000615
0.34916960977890815,62.40000000000062
0.3494495163352466,62.50000000000062
0.34972864731382036,62.60000000000062
0.35000700325140693,62.70000000000062
0.3502845846845671,62.80000000000062
0.3505613921496449,62.900000000000624
0.3508374261827695,63.000000000000625
0.3511126873198534,63.10000000000063
0.3513937643418357,63.20000000000063
0.3516741859736379,63.30000000000063
0.3519538521521973,63.40000000000063
0.35223276338966286,63.50000000000063
0.35251092019798114,63.600000000000634
0.35278832308889657,63.700000000000635
0.35306497257395203,63.80000000000064
0.35334086916448754,63.90000000000064
0.35361601337164233,64.00000000000064
0.353892647553798,64.10000000000063
0.3541696382368252,64.20000000000063
0.35444588587548215,64.30000000000062
0.3547213909689782,64.40000000000062
0.3549961540163275,64.50000000000061
0.3552701755163501,64.6000000000006
0.35554345596766995,64.7000000000006
0.35581599586871676,64.8000000000006
0.35608779571772503,64.90000000000059
0.35635985647340723,65.00000000000058
0.3566368688490125,65.10000000000058
0.3569131580627931,65.20000000000057
0.35718872459060025,65.30000000000057
0.35746356890810305,65.40000000000056
0.35773769149078805,65.50000000000055
0.3580110928139601,65.60000000000055
0.3582837733527412,65.70000000000054
0.35855573358207216,65.80000000000054
0.35882697397671054,65.90000000000053
0.3590988773091015,66.00000000000053
0.3593720269514387,66.10000000000052
0.35964446576436904,66.20000000000051
0.35991619421143894,66.30000000000051
0.3601872127560192,66.4000000000005
0.36045752186130414,66.5000000000005
0.36072712199031276,66.60000000000049
0.36099601360588846,66.70000000000049
0.36126419717069935,66.80000000000048
0.36153167314723644,66.90000000000047
0.36180150625736285,67.00000000000047
0.3620742639020336,67.10000000000046
0.36234633028314017,67.20000000000046
0.36261770584212255,67.30000000000045
0.3628883910202582,67.40000000000045
0.3631583862586588,67.50000000000044
0.36342769199827385,67.60000000000043
0.3636963086798868,67.70000000000043
0.3639642367441191,67.80000000000042
0.36423147663142663,67.90000000000042
0.3644989466762802,68.00000000000041
0.36476815779567046,68.1000000000004
0.3650366894177794,68.2000000000004
0.36530454197253676,68.3000000000004
0.36557171588971193,68.40000000000039
0.36583821159891683,68.50000000000038
0.36610402952960536,68.60000000000038
0.36636917011107256,68.70000000000037
0.3666336337724564,68.80000000000037
0.3668974209427357,68.90000000000036
0.367160532050732,69.00000000000036
0.36742870755267504,69.10000000000035
0.3676971686509625,69.20000000000034
0.36796496945807544,69.30000000000034
0.3682321103830542,69.40000000000033
0.3684985918347917,69.50000000000033
0.36876441422203327,69.60000000000032
0.36902957795337826,69.70000000000032
0.3692940834372765,69.80000000000031
0.36955793108203205,69.9000000000003
0.36982112129580097,70.0000000000003
0.37008431993088253,70.10000000000029
0.3703495420605722,70.20000000000029
0.370614115121867,70.30000000000028
0.3708780395130443,70.40000000000028
0.3711413156322414,70.50000000000027
0.3714039438774518,70.60000000000026
0.3716659246465281,70.70000000000026
0.3719272583371791,70.80000000000025
0.3721879453469729,70.90000000000025
0.37244798607333535,71.00000000000024
0.37270738091354977,71.10000000000024
0.37296808657979524,71.20000000000023
0.37323288311793135,71.30000000000022
0.3734970490188149,71.40000000000022
0.3737605846611499,71.50000000000021
0.37402349042350874,71.60000000000021
0.3742857666843304,71.7000000000002
0.37454741382192164,71.8000000000002
0.3748084322144576,71.90000000000019
0.3750688222399801,72.00000000000018
0.3753285842763998,72.10000000000018
0.37558771870149427,72.20000000000017
0.37584665358408015,72.30000000000017
0.3761078788279813,72.40000000000016
0.3763684845150834,72.50000000000016
0.37662847101390495,72.60000000000015
0.3768878386928371,72.70000000000014
0.3771465879201431,72.80000000000014
0.3774047190639598,72.90000000000013
0.37766223249229475,73.00000000000013
0.37791912857302973,73.10000000000012
0.37817540767391883,73.20000000000012
0.3784310701625873,73.30000000000011
0.37868611640653577,73.4000000000001
0.3789452286030209,73.5000000000001
0.3792057409506216,73.6000000000001
0.3794656517744046,73.70000000000009
0.37972496142444206,73.80000000000008
0.3799836702506883,73.90000000000008
0.38024177860297825,74.00000000000007
0.38049928683102857,74.10000000000007
0.3807561952844368,74.20000000000006
0.38101250431268335,74.30000000000005
0.3812682142651295,74.40000000000005
0.38152332549101714,74.50000000000004
0.3817778383394715,74.60000000000004
0.38203508883212367,74.70000000000003
0.3822917565792173,74.80000000000003
0.38254783369606876,74.90000000000002
0.3828033205231355,75.00000000000001
0.3830582174007586,75.10000000000001
0.3833125246691671,75.2
0.3835662426684747,75.3
0.38381937173868097,75.39999999999999
0.3840719122196725,75.49999999999999
0.3843238644512201,75.59999999999998
0.3845752287729823,75.69999999999997
0.38482610371286496,75.79999999999997
0.38508298115897294,75.89999999999996
0.3853392849189426,75.99999999999996
0.385595015316093,76.09999999999995
0.3858501726736372,76.19999999999995
0.38610475731468197,76.29999999999994
0.38635876956222864,76.39999999999993
0.3866122097391713,76.49999999999993
0.38686507816829985,76.59999999999992
0.3871173751722964,76.69999999999992
0.3873691010737385,76.79999999999991
0.3876202561950966,76.8999999999999
0.3878708408587359,76.9999999999999
0.3881233253040657,77.0999999999999
0.3883761186290101,77.19999999999989
0.38862834895468623,77.29999999999988
0.388880016595348,77.39999999999988
0.38913112186514726,77.49999999999987
0.3893816650781346,77.59999999999987
0.38963164654825766,77.69999999999986
0.38988106658936256,77.79999999999986
0.390129925515193,77.89999999999985
0.39037822363939095,77.99999999999984
0.3906259612754965,78.09999999999984
0.3908731387369486,78.19999999999983
0.3911208547374833,78.29999999999983
0.3913736024140987,78.39999999999982
0.39162580364019717,78.49999999999982
0.39187745871392016,78.59999999999981
0.3921285679333145,78.6999999999998
0.3923791315963316,78.7999999999998
0.39262915000082843,78.89999999999979
0.39287862344456753,78.99999999999979
0.39312755222521684,79.09999999999978
0.39337593664034887,79.19999999999978
0.39362377698744294,79.29999999999977
0.3938710735638828,79.39999999999976
0.39411782666695744,79.49999999999976
0.3943649633019921,79.59999999999975
0.39461397579943697,79.69999999999975
0.39486245200281794,79.79999999999974
0.39511039220184013,79.89999999999974
0.39535779668611887,79.99999999999973
0.39560466574517844,80.09999999999972
0.3958509996684515,80.19999999999972
0.3960967987452803,80.29999999999971
0.39634206326491583,80.39999999999971
0.39658679351651804,80.4999999999997
0.3968309897891555,80.5999999999997
0.39707465237180717,80.69999999999969
0.3973177815533595,80.79999999999968
0.3975608564026828,80.89999999999968
0.3978096078510439,80.99999999999967
0.39805783913831805,81.09999999999967
0.3983055505390838,81.19999999999966
0.3985527423278347,81.29999999999966
0.39879941477897995,81.39999999999965
0.399045568166845,81.49999999999964
0.3992912027656706,81.59999999999964
0.3995363188496127,81.69999999999963
0.3997809166927441,81.79999999999963
0.4000249965690518,81.89999999999962
0.40026855875243994,81.99999999999962
0.4005116035167275,82.09999999999961
0.40075413113564995,82.1999999999996
0.40099792051542676,82.2999999999996
0.40124276150594607,82.3999999999996
0.4014870922538946,82.49999999999959
0.40173091302592645,82.59999999999958
0.4019742240886158,82.69999999999958
0.4022170257084547,82.79999999999957
0.4024593181518538,82.89999999999957
0.40270110168514445,82.99999999999956
0.4029423765745754,83.09999999999955
0.40318314308631475,83.19999999999955
0.40342340148645006,83.29999999999954
0.40366315204098707,83.39999999999954
0.40390239501585207,83.49999999999953
0.40414113067688845,83.59999999999953
0.4043837200220875,83.69999999999952
0.40462813677482334,83.79999999999951
0.40487205897189954,83.89999999999951
0.40511548686579335,83.9999999999995
0.4053584207089078,84.0999999999995
0.4056008607535703,84.19999999999949
0.4058428072520334,84.29999999999949
0.4060842604564746,84.39999999999948
0.40632522061899734,84.49999999999947
0.40656568799162845,84.59999999999947
0.40680566282632125,84.69999999999946
0.40704514537495273,84.79999999999946
0.4072841358893266,84.89999999999945
0.4075226346211701,84.99999999999945
0.4077620306556867,85.09999999999944
0.4080028925249548,85.19999999999943
0.4082432692485396,85.29999999999943
0.408483161071564,85.39999999999942
0.4087225682390779,85.49999999999942
0.4089614909960606,85.59999999999941
0.40919992958741835,85.6999999999994
0.4094378842579853,85.7999999999994
0.40967535525252435,85.8999999999994
0.4099123428157254,85.99999999999939
0.41014884719220746,86.09999999999938
0.41038486862651663,86.19999999999938
0.4106204073631277,86.29999999999937
0.41085546364644343,86.39999999999937
0.411090037720794,86.49999999999936
0.4113295778945704,86.59999999999935
0.4115698846268351,86.69999999999935
0.41180972144385375,86.79999999999934
0.4120490885774825,86.89999999999934
0.41228798625950924,86.99999999999933
0.4125264147216574,87.09999999999933
0.41276437419558193,87.19999999999932
0.4130018649128721,87.29999999999932
0.41323888710505063,87.39999999999931
0.4134754410035738,87.4999999999993
0.4137115268398306,87.5999999999993
0.41394714484514417,87.69999999999929
0.4141822952507715,87.79999999999929
0.4144169782879018,87.89999999999928
0.4146511941876596,87.99999999999928
0.41488772517727107,88.09999999999927
0.41512435563070293,88.19999999999926
0.41536052532197687,88.29999999999926
0.41559623447606325,88.39999999999925
0.41583148331786773,88.49999999999925
0.41606627207223124,88.59999999999924
0.41630060096393234,88.69999999999924
0.41653447021768497,88.79999999999923
0.4167678800581393,88.89999999999922
0.4170008307098814,88.99999999999922
0.41723332239743355,89.09999999999921
0.4174653553452553,89.1999999999992
0.41769692977774064,89.2999999999992
0.41792804591922045,89.3999999999992
0.4181587039939625,89.49999999999919
0.4183919774701751,89.59999999999918
0.41862841194309935,89.69999999999918
0.41886440019575333,89.79999999999917
0.41909994244077176,89.89999999999917
0.4193350388907306,89.99999999999916
0.4195696897581462,90.09999999999916
0.4198038952554767,90.19999999999915
0.42003765559512024,90.29999999999914
0.4202709709894171,90.39999999999914
0.4205038416506483,90.49999999999913
0.4207362677910348,90.59999999999913
0.4209682496227408,90.69999999999912
0.42119978735786934,90.79999999999912
0.4214308812084665,90.89999999999911
0.42166153138651813,90.9999999999991
0.42189173810395164,91.0999999999991
0.4221237682935429,91.1999999999991
0.42235643575560056,91.29999999999909
0.42258866588166366,91.39999999999908
0.422820458877932,91.49999999999908
0.42305181495054794,91.59999999999907
0.4232827343055972,91.69999999999906
0.4235132171491092,91.79999999999906
0.42374326368705656,91.89999999999905
0.4239728741253552,91.99999999999905
0.42420204866986605,92.09999999999904
0.4244307875263914,92.19999999999904
0.42465909090067844,92.29999999999903
0.4248869589984169,92.39999999999903
0.425114392025241,92.49999999999902
0.4253413901867282,92.59999999999901
0.42556795368839895,92.69999999999901
0.4257972826633102,92.799999999999
0.4260296691556142,92.899999999999
0.4262616323934451,92.99999999999899
0.4264931725714905,93.09999999999899
0.42672428988438754,93.19999999999898
0.42695498452672004,93.29999999999897
0.4271852566930202,93.39999999999897
0.4274151065777681,93.49999999999896
0.42764453437539135,93.59999999999896
0.42787354028026603,93.69999999999895
0.4281021244867155,93.79999999999895
0.4283302871890115,93.89999999999894
0.4285580285813736,93.99999999999893
0.42878534885796943,94.09999999999893
0.4290122482129142,94.19999999999892
0.4292387268402715,94.29999999999892
0.42946478493405216,94.39999999999891
0.42969323163534917,94.4999999999989
0.4299217969082987,94.5999999999989
0.43014994752715374,94.6999999999989
0.4303776836805999,94.79999999999889
0.4306050055572735,94.89999999999888
0.43083191334576004,94.99999999999888
0.43105840723459654,95.09999999999887
0.431284487412268,95.19999999999887
0.4315101540672115,95.29999999999886
0.43173540738781335,95.39999999999885
0.4319602475624089,95.49999999999885
0.4321846747792861,95.59999999999884
0.4324086892266806,95.69999999999884
0.4326322910927796,95.79999999999883
0.4328554805657196,95.89999999999883
0.43307825783358794,95.99999999999882
0.4333006230844211,96.09999999999881
0.43352761360640146,96.19999999999881
0.4337558495717004,96.2999999999988
0.43398368449217867,96.3999999999988
0.43421111854579864,96.49999999999879
0.4344381519104786,96.59999999999879
0.43466478476408926,96.69999999999878
0.4348910172844558,96.79999999999878
0.4351168496493574,96.89999999999877
0.4353422820365279,96.99999999999876
0.4355673146236542,97.09999999999876
0.4357919475883778,97.19999999999875
0.43601618110829465,97.29999999999875
0.43624001536095375,97.39999999999874
0.4364634505238588,97.49999999999874
0.4366864867744684,97.59999999999873
0.43690912429019374,97.69999999999872
0.43713136324840135,97.79999999999872
0.4373538554598046,97.89999999999871
0.43757864194752455,97.9999999999987
0.4378030355231868,98.0999999999987
0.4380270363592106,98.1999999999987
0.4382506446279717,98.29999999999869
0.4384738605018021,98.39999999999868
0.438696684152989,98.49999999999868
0.43891911575377623,98.59999999999867
0.43914115547636323,98.69999999999867
0.43936280349290574,98.79999999999866
0.4395840599755155,98.89999999999866
0.43980492509626024,98.99999999999865
0.44002539902716303,99.09999999999864
0.4402454819402043,99.19999999999864
0.44046517400731927,99.29999999999863
0.44068447540040007,99.39999999999863
0.4409033862912949,99.49999999999862
0.4411219068518072,99.59999999999862
0.441341071570743,99.69999999999861
0.4415654996907859,99.7999999999986
0.4417895480383934,99.8999999999986
0.44201321677601096,99.9999999999986
0.442236506066041,100.09999999999859
0.44245941607084693,100.19999999999858
0.4426819469527516,100.29999999999858
0.44290409887403703,100.39999999999857
0.44312587199694514,100.49999999999856
0.4433472664836771,100.59999999999856
0.44356828249639363,100.69999999999855
0.4437889201972158,100.79999999999855
0.4440091797482229,100.89999999999854
0.44422906131145534,100.99999999999854
0.44444856504891184,101.09999999999853
0.44466769112255156,101.19999999999852
0.4448864396942931,101.29999999999852
0.44510481092601445,101.39999999999851
0.4453228049795534,101.49999999999851
0.4455424515250014,101.5999999999985
0.44576303772443004,101.6999999999985
0.4459832521586965,101.79999999999849
0.4462030949850523,101.89999999999849
0.44642256636070987,101.99999999999848
0.44664166644284325,102.09999999999847
0.4468603953885867,102.19999999999847
0.44707875335503705,102.29999999999846
0.44729674049925183,102.39999999999846
0.44751435697825026,102.49999999999845
0.4477316029490124,102.59999999999845
0.44794847856848014,102.69999999999844
0.4481649839935565,102.79999999999843
0.44838111938110603,102.89999999999843
0.44859688488795374,102.99999999999842
0.4488122806708875,103.09999999999842
0.44902730688665543,103.19999999999841
0.44924196369196717,103.2999999999984
0.4494562512434943,103.3999999999984
0.44967378771528205,103.4999999999984
0.4498940284369772,103.59999999999839
0.450113910049382,103.69999999999838
0.45033343270048665,103.79999999999838
0.45055259653824525,103.89999999999837
0.45077140171057545,103.99999999999837
0.4509898483653601,104.09999999999836
0.4512079366504465,104.19999999999835
0.4514256667136465,104.29999999999835
0.451643038702736,104.39999999999834
0.45186005276545643,104.49999999999834
0.452076709049513,104.59999999999833
0.4522930077025749,104.69999999999833
0.45250894887227716,104.79999999999832
0.4527245327062183,104.89999999999831
0.4529397593519624,104.99999999999831
0.4531546289570369,105.0999999999983
0.45336914166893444,105.1999999999983
0.4535832976351127,105.29999999999829
0.453797097002993,105.39999999999829
0.4540136453405567,105.49999999999828
0.4542300792980813,105.59999999999827
0.4544461618452195,105.69999999999827
0.45466189312514543,105.79999999999826
0.45487727328099886,105.89999999999826
0.4550923024558866,105.99999999999825
0.45530698079288007,106.09999999999825
0.4555213084350182,106.19999999999824
0.45573528552530485,106.29999999999824
0.4559489122067109,106.39999999999823
0.456162188622172,106.49999999999822
0.4563751149145921,106.59999999999822
0.4565876912268386,106.69999999999821
0.456799917701747,106.7999999999982
0.457011794482118,106.8999999999982
0.4572233217107188,106.9999999999982
0.45743449953028237,107.09999999999819
0.45764532808350833,107.19999999999818
0.45785580751306154,107.29999999999818
0.458065937961574,107.39999999999817
0.458280787166329,107.49999999999817
0.4584969129357713,107.59999999999816
0.45871269946704135,107.69999999999816
0.4589281468947282,107.79999999999815
0.4591432553533894,107.89999999999814
0.45935802497755174,107.99999999999814
0.4595724559017111,108.09999999999813
0.4597865482603317,108.19999999999813
0.46000030218784754,108.29999999999812
0.4602137178186599,108.39999999999812
0.4604267952871416,108.49999999999811
0.46063953472763175,108.5999999999981
0.4608519362744402,108.6999999999981
0.461064000061845,108.7999999999981
0.46127572622409274,108.89999999999809
0.4614871148954003,108.99999999999808
0.4616981662099526,109.09999999999808
0.461908880301903,109.19999999999807
0.4621192573053754,109.29999999999806
0.46232929735446093,109.39999999999806
0.4625390005832209,109.49999999999805
0.4627517029323913,109.59999999999805
0.4629640803276791,109.69999999999804
0.46317612587311907,109.79999999999804
0.4633878396988436,109.89999999999803
0.46359922193495495,109.99999999999802
0.46381027271152553,110.09999999999802
0.464020992158598,110.19999999999801
0.4642313804061867,110.29999999999801
0.46444143758427475,110.399999999998
0.46465116382281607,110.499999999998
0.46486055925173514,110.59999999999799
0.46506962400092616,110.69999999999798
0.46527835820025415,110.79999999999798
0.4654867619795547,110.89999999999797
0.4656948354686337,110.99999999999797
0.4659025787972665,111.09999999999796
0.46610999209520015,111.19999999999796
0.46631707549215096,111.29999999999795
0.46652382911780593,111.39999999999795
0.4667302531018231,111.49999999999794
0.4669363475738301,111.59999999999793
0.46714635682886363,111.69999999999793
0.4673584839746176,111.79999999999792
0.4675702909621682,111.89999999999792
0.46778177791370157,111.99999999999791
0.4679929449513782,112.0999999999979
0.46820379219733094,112.1999999999979
0.46841431977366504,112.2999999999979
0.4686245278024598,112.39999999999789
0.46883441640576545,112.49999999999788
0.4690439857056074,112.59999999999788
0.46925323582398193,112.69999999999787
0.4694621668828594,112.79999999999787
0.4696707790041825,112.89999999999786
0.46987907230986686,112.99999999999785
0.47008704692180164,113.09999999999785
0.47029470296184744,113.19999999999784
0.4705020405518393,113.29999999999784
0.4707090598135847,113.39999999999783
0.4709157608688633,113.49999999999783
0.4711221438394283,113.59999999999782
0.4713282088470059,113.69999999999781
0.47153395601329534,113.79999999999781
0.47174150941848364,113.8999999999978
0.4719499668179058,113.9999999999978
0.4721581111369866,114.09999999999779
0.47236594249379577,114.19999999999779
0.47257346100637676,114.29999999999778
0.47278066679274755,114.39999999999777
0.4729875599709,114.49999999999777
0.47319414065879983,114.59999999999776
0.4734004089743877,114.69999999999776
0.4736063650355766,114.79999999999775
0.4738120089602557,114.89999999999775
0.4740173408662873,114.99999999999774
0.4742223608715076,115.09999999999773
0.4744270690937269,115.19999999999773
0.4746314656507308,115.29999999999772
0.4748355506602772,115.39999999999772
0.47503932424009987,115.49999999999771
0.4752427865079058,115.5999999999977
0.47544593758137543,115.6999999999977
0.47564877757816565,115.7999999999977
0.4758513066159052,115.89999999999769
0.47605352481219765,115.99999999999768
0.476255432284621,116.09999999999768
0.476463612937144,116.19999999999767
0.47667159324885294,116.29999999999767
0.476879271807668,116.39999999999766
0.4770866487242947,116.49999999999766
0.47729372410941423,116.59999999999765
0.477500498073685,116.69999999999764
0.47770697072774093,116.79999999999764
0.4779131421821926,116.89999999999763
0.4781190125476269,116.99999999999763
0.4783245819346077,117.09999999999762
0.478529850453674,117.19999999999762
0.4787348182153423,117.29999999999761
0.4789394853301044,117.3999999999976
0.4791438519084297,117.4999999999976
0.4793479180607638,117.59999999999759
0.47955168389752745,117.69999999999759
0.4797551495291192,117.79999999999758
0.4799583150659133,117.89999999999758
0.48016118061825985,117.99999999999757
0.480363746296487,118.09999999999756
0.4805660122108977,118.19999999999756
0.4807679784717725,118.29999999999755
0.48096964518936697,118.39999999999755
0.481173169704403,118.49999999999754
0.48137758306469497,118.59999999999754
0.48158170143782664,118.69999999999753
0.48178552493070687,118.79999999999752
0.481989053650222,118.89999999999752
0.4821922877032362,118.99999999999751
0.4823952271965911,119.09999999999751
0.4825978722371056,119.1999999999975
0.48280022293157554,119.2999999999975
0.48300227938677515,119.39999999999749
0.4832040417094555,119.49999999999748
0.483405510006346,119.59999999999748
0.48360668438415166,119.69999999999747
0.4838075649495574,119.79999999999747
0.484008151809224,119.89999999999746
0.4842084450697901,119.99999999999746
0.4844084448378716,120.09999999999745
0.4846081512200626,120.19999999999744
0.4848075643229343,120.29999999999744
0.4850066842530354,120.39999999999743
0.4852055111168919,120.49999999999743
0.4854040450210072,120.59999999999742
0.4856022860718631,120.69999999999742
0.4858002343759179,120.79999999999741
0.48600190904810997,120.8999999999974
0.48620596243333486,120.9999999999974
0.48640973167435736,121.0999999999974
0.4866132168712972,121.19999999999739
0.48681641812425286,121.29999999999738
0.4870193355333014,121.39999999999738
0.48722196919850114,121.49999999999737
0.48742431921988827,121.59999999999737
0.48762638569747896,121.69999999999736
0.4878281687312691,121.79999999999735
0.4880296684212343,121.89999999999735
0.488230884867329,121.99999999999734
0.48843181816948705,122.09999999999734
0.4886324684276226,122.19999999999733
0.48883283574162834,122.29999999999733
0.48903292021137673,122.39999999999732
0.48923272193672057,122.49999999999731
0.4894322410174912,122.59999999999731
0.48963147755349906,122.6999999999973
0.48983043164453594,122.7999999999973
0.4900291033903709,122.89999999999729
0.4902274928907541,122.99999999999729
0.4904256002454145,123.09999999999728
0.4906234255540605,123.19999999999727
0.4908209689163805,123.29999999999727
0.4910209413014886,123.39999999999726
0.49122126694886553,123.49999999999726
0.49142131500672565,123.59999999999725
0.4916210855716746,123.69999999999725
0.4918205787402984,123.79999999999724
0.4920197946091637,123.89999999999723
0.49221873327481847,123.99999999999723
0.4924173948337892,124.09999999999722
0.4926157793825843,124.19999999999722
0.49281388701769274,124.29999999999721
0.4930117178355823,124.3999999999972
0.49320927193270336,124.4999999999972
0.4934065494054856,124.5999999999972
0.4936035503503384,124.69999999999719
0.4938002748636539,124.79999999999718
0.49399672304180225,124.89999999999718
0.49419289498113533,124.99999999999717
0.49438879077798586,125.09999999999717
0.49458441052866553,125.19999999999716
0.49477975432946797,125.29999999999715
0.4949748222766668,125.39999999999715
0.49516961446651603,125.49999999999714
0.49536413099524973,125.59999999999714
0.49555837195908387,125.69999999999713
0.4957523374542124,125.79999999999713
0.49594774351325654,125.89999999999712
0.49614784550914837,125.99999999999712
0.49634768027923304,126.09999999999711
0.4965472479138668,126.1999999999971
0.4967465485033893,126.2999999999971
0.49694558213812107,126.39999999999709
0.4971443489083665,126.49999999999709
0.49734284890441066,126.59999999999708
0.49754108221652155,126.69999999999708
0.49773904893494975,126.79999999999707
0.4979367491499273,126.89999999999706
0.4981341829516682,126.99999999999706
0.4983313504303699,127.09999999999705
0.49852825167621145,127.19999999999705
0.4987248867793541,127.29999999999704
0.498921255829941,127.39999999999704
0.49911735891809766,127.49999999999703
0.49931319613393293,127.59999999999702
0.4995087675675357,127.69999999999702
0.4997040733089796,127.79999999999701
0.49989911344831894,127.89999999999701
0.5000938880755904,127.999999999997
0.5002883972808131,128.099999999997
0.5004826411539891,128.199999999997
0.5006766197851011,128.299999999997
0.500870333264116,128.399999999997
0.5010637816809815,128.499999999997
0.5012599492892729,128.59999999999698
0.5014562138333595,128.69999999999698
0.5016522174789493,128.79999999999697
0.5018479603131559,128.89999999999696
0.5020434424230766,128.99999999999696
0.5022386638957927,129.09999999999695
0.502433624818367,129.19999999999695
0.5026283252778466,129.29999999999694
0.5028227653612615,129.39999999999694
0.5030169451556237,129.49999999999693
0.5032108647479301,129.59999999999692
0.5034045242251594,129.69999999999692
0.5035979236742729,129.7999999999969
0.5037910631822171,129.8999999999969
0.5039839428359193,129.9999999999969
0.5041765627222917,130.0999999999969
0.5043689229282281,130.1999999999969
0.5045610235406063,130.29999999999688
0.5047528646462871,130.39999999999688
0.5049444463321143,130.49999999999687
0.5051357686849148,130.59999999999687
0.5053268317914983,130.69999999999686
0.5055176357386585,130.79999999999686
0.5057081806131714,130.89999999999685
0.5058984665017958,130.99999999999685
0.506088493491275,131.09999999999684
0.5062782616683345,131.19999999999683
0.5064724448488326,131.29999999999683
0.5066683859421658,131.39999999999682
0.5068640761108854,131.49999999999682
0.5070595154363504,131.5999999999968
0.5072547039999039,131.6999999999968
0.5074496418828742,131.7999999999968
0.507644329166574,131.8999999999968
0.5078387659323002,131.9999999999968
0.5080329522613344,132.09999999999678
0.5082268882349433,132.19999999999678
0.5084205739343781,132.29999999999677
0.5086140094408749,132.39999999999677
0.5088071948356536,132.49999999999676
0.5090001301999195,132.59999999999675
0.5091928156148627,132.69999999999675
0.5093852511616569,132.79999999999674
0.5095774369214616,132.89999999999674
0.5097693729754205,132.99999999999673
0.5099610594046622,133.09999999999673
0.510152496290299,133.19999999999672
0.5103436837134298,133.29999999999671
0.510534621755136,133.3999999999967
0.510725310496485,133.4999999999967
0.5109157500185285,133.5999999999967
0.5111059404023031,133.6999999999967
0.51129588172883,133.7999999999967
0.5114855740791145,133.89999999999668
0.5116750175341478,133.99999999999667
0.5118663024694521,134.09999999999667
0.5120585931359533,134.19999999999666
0.5122506388843245,134.29999999999666
0.5124424397929548,134.39999999999665
0.5126339959402179,134.49999999999665
0.5128253074044752,134.59999999999664
0.5130163742640712,134.69999999999663
0.5132071965973369,134.79999999999663
0.5133977744825885,134.89999999999662
0.5135881079981275,134.99999999999662
0.5137781972222423,135.0999999999966
0.5139680422332035,135.1999999999966
0.5141576431092697,135.2999999999966
0.5143469999286842,135.3999999999966
0.5145361127696759,135.4999999999966
0.5147249817104584,135.59999999999658
0.5149136068292318,135.69999999999658
0.5151019882041808,135.79999999999657
0.5152901259134756,135.89999999999657
0.5154780200352727,135.99999999999656
0.5156656706477125,136.09999999999656
0.5158530778289222,136.19999999999655
0.5160402416570137,136.29999999999654
0.5162271622100848,136.39999999999654
0.5164138395662179,136.49999999999653
0.5166002738034822,136.59999999999653
0.5167864649999311,136.69999999999652
0.5169724132336037,136.79999999999652
0.517158118582525,136.8999999999965
0.5173479213243265,136.9999999999965
0.5175398306732277,137.0999999999965
0.5177315046819125,137.1999999999965
0.5179229434234798,137.2999999999965
0.5181141469710157,137.39999999999648
0.5183051153975936,137.49999999999648
0.5184958487762716,137.59999999999647
0.5186863471800984,137.69999999999646
0.518876610682105,137.79999999999646
0.5190666393553123,137.89999999999645
0.5192564332727269,137.99999999999645
0.5194459925073417,138.09999999999644
0.5196353171321377,138.19999999999644
0.5198244072200822,138.29999999999643
0.5200132628441281,138.39999999999642
0.5202018840772166,138.49999999999642
0.5203902709922753,138.5999999999964
0.5205784236622177,138.6999999999964
0.5207663421599459,138.7999999999964
0.5209540265583472,138.8999999999964
0.5211414769302962,138.9999999999964
0.5213286933486544,139.09999999999638
0.5215156758862705,139.19999999999638
0.5217024246159784,139.29999999999637
0.5218889396106006,139.39999999999637
0.5220752209429463,139.49999999999636
0.5222612686858108,139.59999999999636
0.5224470829119755,139.69999999999635
0.522632663694211,139.79999999999634
0.5228180111052719,139.89999999999634
0.5230055137201168,139.99999999999633
0.5231937395078603,140.09999999999633
0.523381735719604,140.19999999999632
0.5235695024257202,140.29999999999632
0.523757039696569,140.3999999999963
0.5239443476024982,140.4999999999963
0.5241314262138423,140.5999999999963
0.5243182756009244,140.6999999999963
0.5245048958340532,140.7999999999963
0.524691286983527,140.89999999999628
0.5248774491196296,140.99999999999628
0.5250633823126345,141.09999999999627
0.5252490866328006,141.19999999999627
0.5254345621503745,141.29999999999626
0.5256198089355916,141.39999999999625
0.5258048270586737,141.49999999999625
0.5259896165898309,141.59999999999624
0.5261741775992586,141.69999999999624
0.5263585101571425,141.79999999999623
0.5265426143336541,141.89999999999623
0.5267264901989533,141.99999999999622
0.5269101378231862,142.09999999999621
0.5270935572764872,142.1999999999962
0.5272767486289789,142.2999999999962
0.5274597119507696,142.3999999999962
0.5276424473119565,142.4999999999962
0.5278249547826237,142.5999999999962
0.528007234432843,142.69999999999618
0.528189286332674,142.79999999999617
0.5283711105521626,142.89999999999617
0.5285527071613436,142.99999999999616
0.5287394020297675,143.09999999999616
0.5289272338388468,143.19999999999615
0.5291148452468131,143.29999999999615
0.5293022363191884,143.39999999999614
0.529489407121484,143.49999999999613
0.5296763577191992,143.59999999999613
0.5298630881778222,143.69999999999612
0.5300495985628306,143.79999999999612
0.5302358889396886,143.8999999999961
0.5304219593738518,143.9999999999961
0.5306078099307625,144.0999999999961
0.5307934406758519,144.1999999999961
0.5309788516745405,144.2999999999961
0.5311640429922372,144.39999999999608
0.5313490146943399,144.49999999999608
0.5315337668462339,144.59999999999607
0.531718299513295,144.69999999999607
0.5319026127608861,144.79999999999606
0.53208670665436,144.89999999999606
0.5322705812590577,144.99999999999605
0.5324542366403077,145.09999999999604
0.532637672863429,145.19999999999604
0.5328208899937289,145.29999999999603
0.5330038880965026,145.39999999999603
0.5331866672370338,145.49999999999602
0.5333692274805963,145.59999999999602
0.5335515688924524,145.699999999996
0.533733691537851,145.799999999996
0.5339155954820313,145.899999999996
0.5340972807902221,145.999999999996
0.5342787475276386,146.099999999996
0.5344599957594871,146.19999999999598
0.5346438095989148,146.29999999999598
0.5348279661337481,146.39999999999597
0.5350119077816253,146.49999999999596
0.5351956346055718,146.59999999999596
0.5353791466686022,146.69999999999595
0.5355624440337207,146.79999999999595
0.5357455267639205,146.89999999999594
0.535928394922183,146.99999999999594
0.536111048571481,147.09999999999593
0.5362934877747746,147.19999999999592
0.5364757125950149,147.29999999999592
0.5366577230951401,147.3999999999959
0.5368395193380794,147.4999999999959
0.5370211013867512,147.5999999999959
0.5372024693040619,147.6999999999959
0.5373836231529078,147.7999999999959
0.537564562996175,147.89999999999588
0.5377452888967387,147.99999999999588
0.5379258009174629,148.09999999999587
0.5381060991212004,148.19999999999587
0.5382861835707944,148.29999999999586
0.5384660543290767,148.39999999999586
0.5386457114588685,148.49999999999585
0.5388251550229811,148.59999999999584
0.5390043850842132,148.69999999999584
0.5391834017053541,148.79999999999583
0.5393622049491822,148.89999999999583
0.5395407948784654,148.99999999999582
0.5397191715559594,149.09999999999582
0.5398973350444118,149.1999999999958
0.5400752854065575,149.2999999999958
0.5402530227051203,149.3999999999958
0.5404305470028151,149.4999999999958
0.5406131779170139,149.5999999999958
0.5407969662111533,149.69999999999578
0.5409805483877329,149.79999999999578
0.5411639245053416,149.89999999999577
0.5413470946225581,149.99999999999577
0.5415300587979516,150.09999999999576
0.5417128170900815,150.19999999999575
0.5418953695574976,150.29999999999575
0.542077716258741,150.39999999999574
0.5422598572523405,150.49999999999574
0.542441792596818,150.59999999999573
0.5426235223506842,150.69999999999573
0.5428050465724407,150.79999999999572
0.5429863653205781,150.8999999999957
0.5431674786535797,150.9999999999957
0.5433483866299172,151.0999999999957
0.5435290893080532,151.1999999999957
0.5437095867464411,151.2999999999957
0.5438898790035233,151.39999999999569
0.5440699661377332,151.49999999999568
0.5442498482074956,151.59999999999567
0.5444295252712245,151.69999999999567
0.5446089973873238,151.79999999999566
0.5447882646141887,151.89999999999566
0.5449673270102042,151.99999999999565
0.5451461846337458,152.09999999999565
0.5453248375431793,152.19999999999564
0.545503285796861,152.29999999999563
0.5456815294531366,152.39999999999563
0.5458595685703443,152.49999999999562
0.5460374032068096,152.59999999999562
0.5462150334208512,152.6999999999956
0.5463924592707755,152.7999999999956
0.5465696808148822,152.8999999999956
0.5467487545888658,152.9999999999956
0.54692891190105,153.0999999999956
0.5471088683554585,153.19999999999558
0.5472886240083997,153.29999999999558
0.5474681789161729,153.39999999999557
0.5476475331350681,153.49999999999557
0.5478266867213653,153.59999999999556
0.5480056397313366,153.69999999999555
0.5481843922212444,153.79999999999555
0.5483629442473419,153.89999999999554
0.5485412958658726,153.99999999999554
0.5487194471330716,154.09999999999553
0.5488973981051652,154.19999999999553
0.5490751488383696,154.29999999999552
0.5492526993888917,154.39999999999552
0.5494300498129293,154.4999999999955
0.5496072001666723,154.5999999999955
0.5497841505062995,154.6999999999955
0.5499609008879826,154.7999999999955
0.5501374513678816,154.8999999999955
0.5503138020021503,154.99999999999548
0.5504899528469307,155.09999999999548
0.5506659039583572,155.19999999999547
0.5508416553925541,155.29999999999546
0.5510172072056375,155.39999999999546
0.5511925594537136,155.49999999999545
0.5513677121928798,155.59999999999545
0.5515426654792238,155.69999999999544
0.5517174193688249,155.79999999999544
0.5518919739177526,155.89999999999543
0.5520663291820679,155.99999999999542
0.5522404852178214,156.09999999999542
0.5524144420810565,156.1999999999954
0.5525881998278054,156.2999999999954
0.5527617585140929,156.3999999999954
0.5529368610135238,156.4999999999954
0.5531167077469776,156.5999999999954
0.5532963619879974,156.69999999999538
0.5534758237888421,156.79999999999538
0.5536550932017626,156.89999999999537
0.5538341702790011,156.99999999999537
0.5540130550727926,157.09999999999536
0.5541917476353629,157.19999999999536
0.5543702480189292,157.29999999999535
0.5545485562757022,157.39999999999534
0.5547266724578821,157.49999999999534
0.5549045966176627,157.59999999999533
0.5550823288072282,157.69999999999533
0.5552598690787552,157.79999999999532
0.5554372174844123,157.89999999999532
0.5556143740763593,157.9999999999953
0.5557913389067474,158.0999999999953
0.5559681120277211,158.1999999999953
0.5561446934914148,158.2999999999953
0.5563210833499562,158.3999999999953
0.5564972816554635,158.49999999999528
0.5566732884600472,158.59999999999528
0.5568491038158095,158.69999999999527
0.5570247277748449,158.79999999999526
0.5572001603892387,158.89999999999526
0.5573754017110685,158.99999999999525
0.5575504517924037,159.09999999999525
0.5577253106853051,159.19999999999524
0.5578999784418254,159.29999999999524
0.5580744551140091,159.39999999999523
0.5582487407538929,159.49999999999523
0.5584228354135046,159.59999999999522
0.5585967391448642,159.6999999999952
0.5587704519999828,159.7999999999952
0.5589439740308638,159.8999999999952
0.5591173052895029,159.9999999999952
0.5592904458278867,160.0999999999952
0.559465580542848,160.19999999999519
0.5596416839568884,160.29999999999518
0.5598175999327653,160.39999999999517
0.5599933285206521,160.49999999999517
0.560168869770716,160.59999999999516
0.5603442237331148,160.69999999999516
0.560519390458,160.79999999999515
0.5606943699955133,160.89999999999515
0.560869162395791,160.99999999999514
0.5610437677089603,161.09999999999513
0.5612181859851397,161.19999999999513
0.561392417274442,161.29999999999512
0.5615664616269708,161.39999999999512
0.5617403190928214,161.4999999999951
0.5619139897220832,161.5999999999951
0.5620874735648357,161.6999999999951
0.5622607706711525,161.7999999999951
0.5624338810910976,161.8999999999951
0.5626068048747285,161.99999999999508
0.5627795420720936,162.09999999999508
0.5629520927332357,162.19999999999507
0.5631244569081874,162.29999999999507
0.5632966346469747,162.39999999999506
0.5634686259996159,162.49999999999505
0.5636404310161205,162.59999999999505
0.5638120497464921,162.69999999999504
0.5639834822407244,162.79999999999504
0.5641547285488042,162.89999999999503
0.5643257887207116,162.99999999999503
0.5644966628064162,163.09999999999502
0.5646673508558826,163.19999999999501
0.5648378529190656,163.299999999995
0.5650081690459142,163.399999999995
0.5651782992863676,163.499999999995
0.565348243690358,163.599999999995
0.5655180023078101,163.699999999995
0.5656875751886408,163.79999999999498
0.5658569623827588,163.89999999999498
0.5660312426367325,163.99999999999497
0.5662069474357947,164.09999999999496
0.5663824728054735,164.19999999999496
0.5665578187922501,164.29999999999495
0.5667329854425984,164.39999999999495
0.5669079728029854,164.49999999999494
0.5670827809198713,164.59999999999494
0.5672574098397085,164.69999999999493
0.5674318596089432,164.79999999999492
0.5676061302740146,164.89999999999492
0.5677802218813545,164.9999999999949
0.5679541344773873,165.0999999999949
0.5681278681085319,165.1999999999949
0.5683014228211978,165.2999999999949
0.56847479866179,165.3999999999949
0.5686479956767048,165.49999999999488
0.5688210139123329,165.59999999999488
0.568993853415056,165.69999999999487
0.569166514231251,165.79999999999487
0.5693389964072859,165.89999999999486
0.5695112999895234,165.99999999999486
0.5696834250243173,166.09999999999485
0.5698553715580166,166.19999999999484
0.5700271396369616,166.29999999999484
0.5701987293074859,166.39999999999483
0.5703701406159168,166.49999999999483
0.5705413736085744,166.59999999999482
0.5707124283317708,166.69999999999482
0.5708833048318122,166.7999999999948
0.5710540031549977,166.8999999999948
0.5712245233476186,166.9999999999948
0.5713948654559605,167.0999999999948
0.5715650295263007,167.1999999999948
0.5717350156049104,167.29999999999478
0.5719048237380538,167.39999999999478
0.5720744539719871,167.49999999999477
0.5722439063529606,167.59999999999476
0.5724131809272173,167.69999999999476
0.572582277740993,167.79999999999475
0.5727528378903809,167.89999999999475
0.5729249228301612,167.99999999999474
0.5730968331309844,168.09999999999474
0.5732685688374392,168.19999999999473
0.5734401299941059,168.29999999999472
0.5736115166455604,168.39999999999472
0.5737827288363705,168.4999999999947
0.5739537666110972,168.5999999999947
0.5741246300142959,168.6999999999947
0.5742953190905152,168.7999999999947
0.5744658338842964,168.8999999999947
0.5746361744401748,168.99999999999469
0.5748063408026782,169.09999999999468
0.5749763330163293,169.19999999999467
0.5751461511256424,169.29999999999467
0.5753157951751263,169.39999999999466
0.5754852652092839,169.49999999999466
0.5756545612726089,169.59999999999465
0.5758236834095918,169.69999999999465
0.5759926316647136,169.79999999999464
0.5761614060824497,169.89999999999463
0.5763300067072693,169.99999999999463
0.5764984335836347,170.09999999999462
0.5766666867560017,170.19999999999462
0.5768347662688189,170.2999999999946
0.5770026721665292,170.3999999999946
0.5771704044935683,170.4999999999946
0.5773379632943648,170.5999999999946
0.5775053486133422,170.6999999999946
0.5776725604949158,170.79999999999458
0.5778395989834954,170.89999999999458
0.578006464123483,170.99999999999457
0.5781731559592761,171.09999999999457
0.5783396745352632,171.19999999999456
0.5785060198958277,171.29999999999455
0.5786721920853456,171.39999999999455
0.578838191148187,171.49999999999454
0.5790040171287147,171.59999999999454
0.5791696700712861,171.69999999999453
0.5793351500202495,171.79999999999453
0.5795004570199499,171.89999999999452
0.5796709962620823,171.99999999999451
0.579842646252129,172.0999999999945
0.5800141292496308,172.1999999999945
0.5801854452958157,172.2999999999945
0.5803565944319066,172.3999999999945
0.5805275766991213,172.4999999999945
0.5806983921386699,172.59999999999448
0.5808690407917574,172.69999999999447
0.5810395226995831,172.79999999999447
0.5812098379033407,172.89999999999446
0.5813799864442163,172.99999999999446
0.5815499683633923,173.09999999999445
0.5817197837020438,173.19999999999445
0.5818894325013396,173.29999999999444
0.5820589148024439,173.39999999999444
0.5822282306465141,173.49999999999443
0.5823973800747023,173.59999999999442
0.5825663631281537,173.69999999999442
0.5827351798480082,173.7999999999944
0.5829038302754003,173.8999999999944
0.5830723144514574,173.9999999999944
0.5832406324173016,174.0999999999944
0.5834087842140498,174.1999999999944
0.5835767698828116,174.29999999999438
0.5837445894646915,174.39999999999438
0.5839122430007879,174.49999999999437
0.5840797305321931,174.59999999999437
0.584247052099994,174.69999999999436
0.5844142077452714,174.79999999999436
0.5845811975090996,174.89999999999435
0.5847480214325479,174.99999999999434
0.584914679556679,175.09999999999434
0.5850811719225495,175.19999999999433
0.5852474985712112,175.29999999999433
0.5854136595437093,175.39999999999432
0.5855796548810822,175.49999999999432
0.5857454846243639,175.5999999999943
0.5859111488145824,175.6999999999943
0.5860766474927582,175.7999999999943
0.5862419806999077,175.8999999999943
0.5864071484770401,175.9999999999943
0.5865721508651595,176.09999999999428
0.5867390387811904,176.19999999999428
0.5869070542313287,176.29999999999427
0.5870749072578645,176.39999999999426
0.5872425979003062,176.49999999999426
0.5874101261981576,176.59999999999425
0.587577492190917,176.69999999999425
0.5877446959180768,176.79999999999424
0.587911737419123,176.89999999999424
0.588078616733537,176.99999999999423
0.5882453339007948,177.09999999999422
0.5884118889603659,177.19999999999422
0.5885782819517148,177.2999999999942
0.5887445129143006,177.3999999999942
0.5889105818875763,177.4999999999942
0.5890764889109895,177.5999999999942
0.5892422340239821,177.6999999999942
0.5894078172659906,177.79999999999418
0.5895732386764457,177.89999999999418
0.5897384982947733,177.99999999999417
0.5899035961603921,178.09999999999417
0.5900685323127168,178.19999999999416
0.5902333067911564,178.29999999999416
0.5903979196351126,178.39999999999415
0.5905623708839834,178.49999999999415
0.5907266605771604,178.59999999999414
0.5908907887540304,178.69999999999413
0.5910547554539736,178.79999999999413
0.5912185607163641,178.89999999999412
0.5913822045805731,178.99999999999412
0.5915456870859627,179.0999999999941
0.5917090082718927,179.1999999999941
0.591872168177714,179.2999999999941
0.5920351668427758,179.3999999999941
0.5921980043064182,179.4999999999941
0.5923606806079773,179.59999999999408
0.5925231957867838,179.69999999999408
0.5926855498821627,179.79999999999407
0.5928477429334331,179.89999999999407
0.5930097749799081,179.99999999999406
0.5931716460608966,180.09999999999405
0.5933333562157006,180.19999999999405
0.593494905483617,180.29999999999404
0.5936562939039375,180.39999999999404
0.5938175215159475,180.49999999999403
0.5939843526360258,180.59999999999403
0.5941519474409312,180.69999999999402
0.5943193871019028,180.79999999999401
0.5944866716554028,180.899999999994
0.5946538011378886,180.999999999994
0.5948207755858121,181.099999999994
0.5949875950356217,181.199999999994
0.5951542595237588,181.299999999994
0.5953207690866613,181.39999999999398
0.5954871237607612,181.49999999999397
0.5956533235824863,181.59999999999397
0.5958193685882588,181.69999999999396
0.5959852588144964,181.79999999999396
0.5961509942976115,181.89999999999395
0.596316575074011,181.99999999999395
0.5964820011800978,182.09999999999394
0.5966472726522694,182.19999999999393
0.5968123895269181,182.29999999999393
0.5969773518404317,182.39999999999392
0.5971421596291927,182.49999999999392
0.5973068129295784,182.5999999999939
0.5974713117779614,182.6999999999939
0.597635656210709,182.7999999999939
0.5977998462641845,182.8999999999939
0.5979638819747451,182.9999999999939
0.5981277633787431,183.09999999999388
0.5982914905125265,183.19999999999388
0.5984550634124384,183.29999999999387
0.5986184821148157,183.39999999999387
0.5987817466559912,183.49999999999386
0.5989448570722932,183.59999999999386
0.5991078134000435,183.69999999999385
0.5992706156755611,183.79999999999384
0.5994332639351574,183.89999999999384
0.5995957582151411,183.99999999999383
0.5997580985518147,184.09999999999383
0.5999202849814766,184.19999999999382
0.6000823175404189,184.29999999999382
0.6002441962649302,184.3999999999938
0.6004059211912927,184.4999999999938
0.6005674923557842,184.5999999999938
0.6007289097946789,184.6999999999938
0.6008901735442438,184.7999999999938
0.6010512836407422,184.89999999999378
0.6012122401204316,184.99999999999378
0.6013745237005179,185.09999999999377
0.6015385161572557,185.19999999999376
0.6017023578117342,185.29999999999376
0.6018660486988568,185.39999999999375
0.6020295888535255,185.49999999999375
0.6021929783106365,185.59999999999374
0.6023562171050799,185.69999999999374
0.6025193052717435,185.79999999999373
0.6026822428455083,185.89999999999372
0.6028450298612513,185.99999999999372
0.6030076663538455,186.0999999999937
0.6031701523581585,186.1999999999937
0.6033324879090532,186.2999999999937
0.6034946730413883,186.3999999999937
0.6036567077900168,186.4999999999937
0.6038185921897881,186.59999999999368
0.6039803262755467,186.69999999999368
0.6041419100821314,186.79999999999367
0.6043033436443777,186.89999999999367
0.6044646269971155,186.99999999999366
0.6046257601751704,187.09999999999366
0.6047867432133633,187.19999999999365
0.6049475761465098,187.29999999999364
0.6051082590094213,187.39999999999364
0.6052687918369052,187.49999999999363
0.6054291746637626,187.59999999999363
0.6055894075247916,187.69999999999362
0.6057494904547837,187.79999999999362
0.6059094234885284,187.8999999999936
0.6060692066608077,187.9999999999936
0.6062288400064003,188.0999999999936
0.6063883235600802,188.1999999999936
0.6065476573566165,188.2999999999936
0.6067068414307741,188.39999999999358
0.6068658758173123,188.49999999999358
0.6070247605509864,188.59999999999357
0.6071834956665464,188.69999999999357
0.6073420811987387,188.79999999999356
0.6075005171823032,188.89999999999355
0.6076588036519778,188.99999999999355
0.6078169406424926,189.09999999999354
0.6079749281885758,189.19999999999354
0.6081327663249486,189.29999999999353
0.6082904550863294,189.39999999999353
0.6084479945074306,189.49999999999352
0.6086053846229612,189.5999999999935
0.608762625467623,189.6999999999935
0.6089217641480585,189.7999999999935
0.6090853919436185,189.8999999999935
0.6092488758500776,189.9999999999935
0.6094122158995849,190.09999999999349
0.6095754121242858,190.19999999999348
0.609738464556323,190.29999999999347
0.6099013732278331,190.39999999999347
0.6100641381709488,190.49999999999346
0.6102267594178001,190.59999999999346
0.6103892370005111,190.69999999999345
0.6105515709512026,190.79999999999345
0.6107137613019908,190.89999999999344
0.6108758080849884,190.99999999999343
0.611037711332303,191.09999999999343
0.6111994710760384,191.19999999999342
0.611361087348295,191.29999999999342
0.6115225601811668,191.3999999999934
0.6116838896067466,191.4999999999934
0.6118450756571211,191.5999999999934
0.6120061183643731,191.6999999999934
0.6121670177605817,191.7999999999934
0.612327773877821,191.89999999999338
0.6124883867481615,191.99999999999338
0.6126488564036696,192.09999999999337
0.6128091828764076,192.19999999999337
0.6129693661984338,192.29999999999336
0.6131294064018006,192.39999999999336
0.6132893035185585,192.49999999999335
0.6134490575807522,192.59999999999334
0.6136086686204237,192.69999999999334
0.6137681366696096,192.79999999999333
0.6139274617603426,192.89999999999333
0.614086643924652,192.99999999999332
0.6142456831945612,193.09999999999332
0.6144045796020918,193.1999999999933
0.6145633331792584,193.2999999999933
0.6147219439580746,193.3999999999933
0.6148804119705468,193.4999999999933
0.6150387372486796,193.5999999999933
0.6151969198244722,193.69999999999328
0.6153549597299194,193.79999999999328
0.615512856997013,193.89999999999327
0.6156706116577396,193.99999999999326
0.6158282237440816,194.09999999999326
0.6159856932880181,194.19999999999325
0.6161430203215239,194.29999999999325
0.6163002048765688,194.39999999999324
0.6164572469851187,194.49999999999324
0.6166141466791352,194.59999999999323
0.6167719919534801,194.69999999999322
0.6169319495868716,194.79999999999322
0.6170917674740257,194.8999999999932
0.6172514456456828,194.9999999999932
0.6174109841325803,195.0999999999932
0.6175703829654507,195.1999999999932
0.617729642175023,195.2999999999932
0.6178887617920221,195.39999999999318
0.6180477418471692,195.49999999999318
0.6182065823711818,195.59999999999317
0.6183652833947723,195.69999999999317
0.6185238449486508,195.79999999999316
0.6186822670635225,195.89999999999316
0.6188405497700882,195.99999999999315
0.6189986930990458,196.09999999999314
0.6191566970810893,196.19999999999314
0.6193145617469075,196.29999999999313
0.6194722871271869,196.39999999999313
0.6196298732526087,196.49999999999312
0.6197873201538501,196.59999999999312
0.6199446278615867,196.6999999999931
0.620101796406487,196.7999999999931
0.6202588258192175,196.8999999999931
0.6204157161304402,196.9999999999931
0.6205724673708136,197.0999999999931
0.6207290795709923,197.19999999999308
0.6208855527616256,197.29999999999308
0.6210418869733605,197.39999999999307
0.6211980822368391,197.49999999999307
0.6213541385827006,197.59999999999306
0.6215100560415788,197.69999999999305
0.6216658346441046,197.79999999999305
0.6218214744209047,197.89999999999304
0.6219769754026028,197.99999999999304
0.6221323376198168,198.09999999999303
0.6222875611031621,198.19999999999303
0.6224426458832493,198.29999999999302
0.6225975919906862,198.399999999993
0.6227523994560753,198.499999999993
0.6229070683100166,198.599999999993
0.6230615985831051,198.699999999993
0.6232159903059318,198.799999999993
0.6233702435090853,198.89999999999299
0.6235243582231484,198.99999999999298
0.6236783344787001,199.09999999999297
0.6238321723063177,199.19999999999297
0.6239858717365722,199.29999999999296
0.6241394328000314,199.39999999999296
0.6242928555272593,199.49999999999295
0.6244461399488163,199.59999999999295
0.6245992860952589,199.69999999999294
0.6247552665922038,199.79999999999293
0.6249148221511912,199.89999999999293
0.6250742445403925,199.99999999999292
0.6252335337880602,200.09999999999292
0.6253926899224439,200.1999999999929
0.6255517129717894,200.2999999999929
0.6257106029643388,200.3999999999929
0.6258693599283306,200.4999999999929
0.6260279838920002,200.5999999999929
0.6261864748835794,200.69999999999288
0.6263448329312962,200.79999999999288
0.6265030580633759,200.89999999999287
0.6266611503080388,200.99999999999287
0.6268191096935033,201.09999999999286
0.6269769362479837,201.19999999999285
0.6271346299996907,201.29999999999285
0.6272921909768311,201.39999999999284
0.6274496192076097,201.49999999999284
0.627606914720226,201.59999999999283
0.6277640775428771,201.69999999999283
0.6279211077037564,201.79999999999282
0.6280780052310536,201.89999999999281
0.6282347701529557,201.9999999999928
0.6283914024976448,202.0999999999928
0.6285479022933007,202.1999999999928
0.6287042695680988,202.2999999999928
0.6288605043502121,202.3999999999928
0.6290166066678096,202.49999999999278
0.6291725765490568,202.59999999999278
0.6293284140221147,202.69999999999277
0.629484119115143,202.79999999999276
0.6296396918562961,202.89999999999276
0.6297951322737263,202.99999999999275
0.6299504403955797,203.09999999999275
0.6301056162500026,203.19999999999274
0.6302606598651357,203.29999999999274
0.6304155712691164,203.39999999999273
0.6305703504900789,203.49999999999272
0.6307249975561537,203.59999999999272
0.6308795124954681,203.6999999999927
0.6310338953361458,203.7999999999927
0.6311881461063068,203.8999999999927
0.6313422648340679,203.9999999999927
0.6314962515475424,204.0999999999927
0.63165010627484,204.19999999999268
0.6318038290440667,204.29999999999268
0.6319574198833254,204.39999999999267
0.632110878820716,204.49999999999267
0.6322642058843337,204.59999999999266
0.6324174011022703,204.69999999999266
0.6325704645026157,204.79999999999265
0.6327233961134545,204.89999999999264
0.6328761959628698,204.99999999999264
0.6330306028347947,205.09999999999263
0.6331864822853321,205.19999999999263
0.6333422325007392,205.29999999999262
0.6334978535079991,205.39999999999262
0.6336533453340895,205.4999999999926
0.6338087080059872,205.5999999999926
0.6339639415506644,205.6999999999926
0.6341190459950908,205.7999999999926
0.6342740213662323,205.8999999999926
0.634428867691051,205.99999999999258
0.634583584996507,206.09999999999258
0.6347381733095563,206.19999999999257
0.6348926326571518,206.29999999999256
0.6350469630662431,206.39999999999256
0.6352011645637764,206.49999999999255
0.6353552371766948,206.59999999999255
0.6355091809319388,206.69999999999254
0.6356629958564435,206.79999999999254
0.635816681977143,206.89999999999253
0.6359702393209674,206.99999999999253
0.6361236679148433,207.09999999999252
0.6362769677856938,207.1999999999925
0.6364301389604387,207.2999999999925
0.6365831814659958,207.3999999999925
0.6367360953292789,207.4999999999925
0.6368888805771965,207.5999999999925
0.6370415372366581,207.69999999999249
0.6371940653345649,207.79999999999248
0.6373464648978191,207.89999999999247
0.6374987359533174,207.99999999999247
0.637650878527954,208.09999999999246
0.6378028926486192,208.19999999999246
0.6379547783422009,208.29999999999245
0.6381065356355832,208.39999999999245
0.6382581645556464,208.49999999999244
0.6384096651292682,208.59999999999243
0.6385610373833231,208.69999999999243
0.6387122813446828,208.79999999999242
0.6388633970402142,208.89999999999242
0.6390143844967817,208.9999999999924
0.6391652437412476,209.0999999999924
0.6393159748004693,209.1999999999924
0.6394665777013009,209.2999999999924
0.6396170524705943,209.3999999999924
0.6397673991351983,209.49999999999238
0.639917617721957,209.59999999999238
0.6400677082577118,209.69999999999237
0.6402176707693024,209.79999999999237
0.6403675052835622,209.89999999999236
0.6405172118273242,209.99999999999235
0.6406667904274169,210.09999999999235
0.6408162411106655,210.19999999999234
0.6409655639038915,210.29999999999234
0.6411147588339141,210.39999999999233
0.6412638259275486,210.49999999999233
0.6414160287921808,210.59999999999232
0.6415715261297592,210.69999999999231
0.6417269004680647,210.7999999999923
0.6418821518318418,210.8999999999923
0.6420372802458295,210.9999999999923
0.6421922857347663,211.0999999999923
0.6423471683233859,211.1999999999923
0.6425019280364205,211.29999999999228
0.6426565648985985,211.39999999999227
0.642811078934646,211.49999999999227
0.6429654701692857,211.59999999999226
0.6431197386272381,211.69999999999226
0.6432738843332192,211.79999999999225
0.643427907311945,211.89999999999225
0.643581807588125,211.99999999999224
0.6437355851864686,212.09999999999224
0.6438892401316813,212.19999999999223
0.6440427724484662,212.29999999999222
0.644196182161522,212.39999999999222
0.6443494692955462,212.4999999999922
0.6445026338752329,212.5999999999922
0.6446556759252724,212.6999999999922
0.6448085954703541,212.7999999999922
0.6449613925351617,212.8999999999922
0.6451140671443787,212.99999999999218
0.6452666193226845,213.09999999999218
0.6454190490947552,213.19999999999217
0.645571356485265,213.29999999999217
0.6457235415188843,213.39999999999216
0.6458756042202816,213.49999999999216
0.6460275446141206,213.59999999999215
0.6461793627250654,213.69999999999214
0.6463310585777732,213.79999999999214
0.6464826321969018,213.89999999999213
0.6466340836071041,213.99999999999213
0.6467854128330304,214.09999999999212
0.6469366198993285,214.19999999999212
0.6470877048306425,214.2999999999921
0.6472386676516164,214.3999999999921
0.6473895083868872,214.4999999999921
0.647540227061091,214.5999999999921
0.6476908236988621,214.6999999999921
0.6478412983248298,214.79999999999208
0.6479916509636223,214.89999999999208
0.6481418816398633,214.99999999999207
0.6482919903781748,215.09999999999206
0.6484419772031765,215.19999999999206
0.6485918421394825,215.29999999999205
0.648741585211707,215.39999999999205
0.6488912064444596,215.49999999999204
0.649040705862347,215.59999999999204
0.6491900834899745,215.69999999999203
0.6493393393519433,215.79999999999202
0.649488473472851,215.89999999999202
0.649637485877294,215.999999999992
0.6497863765898652,216.099999999992
0.6499351456351542,216.199999999992
0.6500844117052228,216.299999999992
0.650236279622506,216.399999999992
0.6503880282618951,216.49999999999199
0.6505396576469928,216.59999999999198
0.6506911678014001,216.69999999999197
0.6508425587487122,216.79999999999197
0.650993830512524,216.89999999999196
0.6511449831164275,216.99999999999196
0.6512960165840117,217.09999999999195
0.6514469309388624,217.19999999999195
0.6515977262045625,217.29999999999194
0.6517484024046939,217.39999999999193
0.6518989595628334,217.49999999999193
0.6520493977025568,217.59999999999192
0.6521997168474372,217.69999999999192
0.652349917021044,217.7999999999919
0.6524999982469438,217.8999999999919
0.6526499605487015,217.9999999999919
0.652799803949879,218.0999999999919
0.652949528474035,218.1999999999919
0.6530991341447256,218.29999999999188
0.6532486209855051,218.39999999999188
0.6533979890199234,218.49999999999187
0.6535472382715296,218.59999999999187
0.6536963687638683,218.69999999999186
0.6538453805204826,218.79999999999185
0.6539942735649118,218.89999999999185
0.6541430479206947,218.99999999999184
0.6542917036113644,219.09999999999184
0.654440240660453,219.19999999999183
0.6545886590914898,219.29999999999183
0.654736958928002,219.39999999999182
0.6548851401935122,219.49999999999181
0.6550332029115415,219.5999999999918
0.6551811471056084,219.6999999999918
0.6553289727992294,219.7999999999918
0.6554766800159157,219.8999999999918
0.6556242687791783,219.9999999999918
0.6557717391125247,220.09999999999178
0.6559190910394593,220.19999999999177
0.6560663245834848,220.29999999999177
0.6562134397680999,220.39999999999176
0.6563604366168009,220.49999999999176
0.6565073151530822,220.59999999999175
0.656654075400435,220.69999999999175
0.6568007173823472,220.79999999999174
0.6569472411223051,220.89999999999173
0.6570936466437919,220.99999999999173
0.6572399339702875,221.09999999999172
0.6573861031252693,221.19999999999172
0.6575321541322128,221.2999999999917
0.6576780870145899,221.3999999999917
0.6578239017958705,221.4999999999917
0.6579695984995205,221.5999999999917
0.6581151771490046,221.6999999999917
0.6582606377677848,221.79999999999168
0.6584059803793184,221.89999999999168
0.6585512050070623,221.99999999999167
0.6586963116744693,222.09999999999167
0.6588413004049904,222.19999999999166
0.6589897651777985,222.29999999999166
0.6591412039175959,222.39999999999165
0.6592925292972871,222.49999999999164
0.6594437413384635,222.59999999999164
0.6595948400627144,222.69999999999163
0.6597458254916267,222.79999999999163
0.6598966976467845,222.89999999999162
0.6600474565497694,222.99999999999162
0.6601981022221611,223.0999999999916
0.660348634685538,223.1999999999916
0.6604990539614728,223.2999999999916
0.660649360071539,223.3999999999916
0.6607995530373062,223.4999999999916
0.6609496328803423,223.59999999999158
0.6610995996222123,223.69999999999158
0.6612494532844784,223.79999999999157
0.6613991938887022,223.89999999999156
0.6615488214564406,223.99999999999156
0.6616983360092493,224.09999999999155
0.6618477375686814,224.19999999999155
0.6619970261562886,224.29999999999154
0.6621462017936182,224.39999999999154
0.6622952645022167,224.49999999999153
0.662444214303628,224.59999999999152
0.6625930512193928,224.69999999999152
0.6627417752710502,224.7999999999915
0.6628903864801365,224.8999999999915
0.6630388848681859,224.9999999999915
0.66318727045673,225.0999999999915
0.6633355432672977,225.1999999999915
0.6634837033214168,225.29999999999148
0.6636317506406106,225.39999999999148
0.663779685246402,225.49999999999147
0.6639275071603103,225.59999999999147
0.6640752164038534,225.69999999999146
0.6642228129985452,225.79999999999146
0.6643702969658994,225.89999999999145
0.6645176683274245,225.99999999999145
0.6646649271046303,226.09999999999144
0.6648120733190209,226.19999999999143
0.6649591069920986,226.29999999999143
0.6651060281453659,226.39999999999142
0.6652528368003194,226.49999999999142
0.6653995329784559,226.5999999999914
0.6655461167012683,226.6999999999914
0.6656925879902469,226.7999999999914
0.6658389468668818,226.8999999999914
0.6659851933526583,226.9999999999914
0.6661313274690609,227.09999999999138
0.6662773492375699,227.19999999999138
0.6664232586796658,227.29999999999137
0.6665690558168239,227.39999999999137
0.6667147406705194,227.49999999999136
0.6668603132622246,227.59999999999135
0.667005773613408,227.69999999999135
0.667151121745537,227.79999999999134
0.6672963576800771,227.89999999999134
0.6674414814384902,227.99999999999133
0.6675864930422358,228.09999999999133
0.6677313925127722,228.19999999999132
0.6678761798715538,228.29999999999131
0.6680208551400345,228.3999999999913
0.6681666182850838,228.4999999999913
0.6683144118656704,228.5999999999913
0.6684620956123617,228.6999999999913
0.6686096695457271,228.7999999999913
0.6687571336863316,228.89999999999128
0.6689044880547409,228.99999999999127
0.6690517326715161,229.09999999999127
0.669198867557218,229.19999999999126
0.6693458927324031,229.29999999999126
0.6694928082176272,229.39999999999125
0.6696396140334436,229.49999999999125
0.6697863102004021,229.59999999999124
0.6699328967390525,229.69999999999123
0.6700793736699406,229.79999999999123
0.670225741013611,229.89999999999122
0.6703719987906044,229.99999999999122
0.6705181470214612,230.0999999999912
0.6706641857267189,230.1999999999912
0.6708101149269121,230.2999999999912
0.6709559346425745,230.3999999999912
0.6711016448942358,230.4999999999912
0.671247245702425,230.59999999999118
0.6713927370876683,230.69999999999118
0.6715381190704897,230.79999999999117
0.6716833916714102,230.89999999999117
0.67182855491095,230.99999999999116
0.6719736088096263,231.09999999999116
0.672118553387954,231.19999999999115
0.6722633886664452,231.29999999999114
0.672408114665611,231.39999999999114
0.6725527314059597,231.49999999999113
0.6726972389079976,231.59999999999113
0.6728416371922274,231.69999999999112
0.6729859262791521,231.79999999999112
0.6731301061892702,231.8999999999911
0.6732741769430782,231.9999999999911
0.6734181385610722,232.0999999999911
0.673561991063744,232.1999999999911
0.6737057344715844,232.2999999999911
0.6738493688050813,232.39999999999108
0.6739928940847205,232.49999999999108
0.6741363103309859,232.59999999999107
0.6742796175643592,232.69999999999106
0.6744228158053189,232.79999999999106
0.6745659050743427,232.89999999999105
0.6747088853919041,232.99999999999105
0.674851756778477,233.09999999999104
0.6749945192545312,233.19999999999104
0.6751371728405342,233.29999999999103
0.6752797175569522,233.39999999999102
0.6754221534242485,233.49999999999102
0.6755644804628851,233.599999999991
0.6757066986933205,233.699999999991
0.6758488081360116,233.799999999991
0.675990808811413,233.899999999991
0.6761327007399769,233.999999999991
0.6762744839421538,234.09999999999098
0.6764161584383916,234.19999999999098
0.676557724249136,234.29999999999097
0.6766991813948302,234.39999999999097
0.6768405298959151,234.49999999999096
0.6769817697728309,234.59999999999096
0.6771229010460131,234.69999999999095
0.6772639237358968,234.79999999999094
0.677404837862914,234.89999999999094
0.6775494229738036,234.99999999999093
0.6776968057158492,235.09999999999093
0.6778440842193126,235.19999999999092
0.6779912585029625,235.29999999999092
0.6781383285855671,235.3999999999909
0.6782852944858919,235.4999999999909
0.6784321562227,235.5999999999909
0.6785789138147534,235.6999999999909
0.6787255672808118,235.7999999999909
0.6788721166396324,235.89999999999088
0.6790185619099716,235.99999999999088
0.6791649031105829,236.09999999999087
0.6793111402602174,236.19999999999087
0.6794572733776256,236.29999999999086
0.6796033024815554,236.39999999999085
0.6797492275907525,236.49999999999085
0.6798950487239603,236.59999999999084
0.6800407658999216,236.69999999999084
0.6801863791373759,236.79999999999083
0.6803318884550605,236.89999999999083
0.680477293871713,236.99999999999082
0.6806225954060664,237.0999999999908
0.6807677930768523,237.1999999999908
0.6809128869028025,237.2999999999908
0.6810578769026434,237.3999999999908
0.6812027630951025,237.4999999999908
0.6813475454989033,237.59999999999079
0.681492224132768,237.69999999999078
0.6816367990154178,237.79999999999077
0.68178127016557,237.89999999999077
0.6819256376019409,237.99999999999076
0.6820699013432457,238.09999999999076
0.6822140614081967,238.19999999999075
0.6823581178155042,238.29999999999075
0.682502070583876,238.39999999999074
0.6826459197320198,238.49999999999073
0.6827896652786393,238.59999999999073
0.6829333072424382,238.69999999999072
0.6830768456421157,238.79999999999072
0.6832202804963714,238.8999999999907
0.6833636118239016,238.9999999999907
0.6835068396434014,239.0999999999907
0.683649963973563,239.1999999999907
0.6837929848330786,239.2999999999907
0.6839359022406353,239.39999999999068
0.6840787162149211,239.49999999999068
0.6842214267746205,239.59999999999067
0.6843640339384166,239.69999999999067
0.6845065377249909,239.79999999999066
0.6846489381530214,239.89999999999065
0.6847912352411858,239.99999999999065
0.6849334290081597,240.09999999999064
0.6850755194726149,240.19999999999064
0.6852175066532239,240.29999999999063
0.6853593905686554,240.39999999999063
0.6855011712375764,240.49999999999062
0.6856428486786533,240.59999999999062
0.6857844229105478,240.6999999999906
0.6859258939519219,240.7999999999906
0.6860672618214361,240.8999999999906
0.6862085265377468,240.9999999999906
0.6863496881195098,241.0999999999906
0.6864907465853778,241.19999999999058
0.6866317019540042,241.29999999999058
0.6867725542440369,241.39999999999057
0.6869133034741245,241.49999999999056
0.6870539496629119,241.59999999999056
0.687194492829044,241.69999999999055
0.6873380816804827,241.79999999999055
0.6874817623893159,241.89999999999054
0.6876253422029874,241.99999999999054
0.6877688211393528,242.09999999999053
0.6879121992162639,242.19999999999052
0.6880554764515728,242.29999999999052
0.6881986528631283,242.3999999999905
0.6883417284687773,242.4999999999905
0.6884847032863649,242.5999999999905
0.6886275773337357,242.6999999999905
0.6887703506287309,242.7999999999905
0.6889130231891899,242.89999999999048
0.6890555950329518,242.99999999999048
0.6891980661778521,243.09999999999047
0.6893404366417251,243.19999999999047
0.6894827064424036,243.29999999999046
0.6896248755977185,243.39999999999046
0.6897669441254989,243.49999999999045
0.6899089120435715,243.59999999999044
0.6900507793697608,243.69999999999044
0.6901925461218915,243.79999999999043
0.6903342123177846,243.89999999999043
0.6904757779752592,243.99999999999042
0.6906172431121337,244.09999999999042
0.6907586077462243,244.1999999999904
0.6908998718953445,244.2999999999904
0.6910410355773079,244.3999999999904
0.6911820988099234,244.4999999999904
0.691323061611001,244.5999999999904
0.6914639239983467,244.69999999999038
0.6916046859897661,244.79999999999038
0.6917453476030625,244.89999999999037
0.6918859088560361,244.99999999999037
0.6920263697664877,245.09999999999036
0.6921667303522138,245.19999999999035
0.692306990631011,245.29999999999035
0.6924471506206734,245.39999999999034
0.6925872103389926,245.49999999999034
0.6927271698037594,245.59999999999033
0.692867029032762,245.69999999999033
0.6930067880437873,245.79999999999032
0.6931464468546197,245.8999999999903
0.6932860054830423,245.9999999999903
0.693425463946837,246.0999999999903
0.693564822263782,246.1999999999903
0.6937040804516557,246.2999999999903
0.6938432385282329,246.39999999999029
0.6939822965112875,246.49999999999028
0.6941212544185928,246.59999999999027
0.6942601122679174,246.69999999999027
0.6943988700770308,246.79999999999026
0.6945375278636983,246.89999999999026
0.6946760856456855,246.99999999999025
0.6948145434407543,247.09999999999025
0.6949529012666665,247.19999999999024
0.6950911591411812,247.29999999999023
0.6952293170820553,247.39999999999023
0.6953673751070439,247.49999999999022
0.6955053332339021,247.59999999999022
0.6956431914803807,247.6999999999902
0.6957809498642297,247.7999999999902
0.6959186084031976,247.8999999999902
0.6960561671150304,247.9999999999902
0.6961936260174726,248.0999999999902
0.6963309851282673,248.19999999999018
0.6964682444651549,248.29999999999018
0.6966054040458746,248.39999999999017
0.6967424638881633,248.49999999999017
0.696879424009757,248.59999999999016
0.6970162844283881,248.69999999999015
0.6971556718016205,248.79999999999015
0.6972990176012203,248.89999999999014
0.6974422677776548,248.99999999999014
0.6975854223471738,249.09999999999013
0.6977284813260275,249.19999999999013
0.6978714447304638,249.29999999999012
0.698014312576728,249.39999999999011
0.6981570848810642,249.4999999999901
0.6982997616597163,249.5999999999901
0.6984423429289246,249.6999999999901
0.6985848287049298,249.7999999999901
0.6987272190039687,249.8999999999901
0.6988695138422785,249.99999999999008
0.699011713236094,250.09999999999008
0.6991538172016477,250.19999999999007
0.6992958257551714,250.29999999999006
0.6994377389128953,250.39999999999006
0.6995795566910482,250.49999999999005
0.6997212791058559,250.59999999999005
0.6998629061735441,250.69999999999004
0.7000044379103362,250.79999999999004
0.7001458743324542,250.89999999999003
0.7002872154561185,250.99999999999002
0.7004284612975474,251.09999999999002
0.7005696118729582,251.19999999999
0.7007106671985671,251.29999999999
0.7008516272905868,251.39999999999
0.7009924921652301,251.49999999999
0.701133261838708,251.59999999999
0.7012739363272287,251.69999999998998
0.7014145156470007,251.79999999998998
0.7015549998142291,251.89999999998997
0.7016953888451187,251.99999999998997
0.701835682755872,252.09999999998996
0.7019758815626898,252.19999999998996
0.702115985281772,252.29999999998995
0.702255993929315,252.39999999998994
0.702395907521517,252.49999999998994
0.7025357260745717,252.59999999998993
0.7026754496046718,252.69999999998993
0.7028150781280087,252.79999999998992
0.7029546116607731,252.89999999998992
0.7030940502191523,252.9999999999899
0.7032333938193331,253.0999999999899
0.7033726424775009,253.1999999999899
0.7035117962098382,253.2999999999899
0.703650855032528,253.3999999999899
0.7037898189617495,253.49999999998988
0.703928688013681,253.59999999998988
0.7040674622045008,253.69999999998987
0.704206141550383,253.79999999998986
0.704344726067502,253.89999999998986
0.7044832157720297,253.99999999998985
0.7046216106801365,254.09999999998985
0.7047599108079917,254.19999999998984
0.7048981161717622,254.29999999998984
0.7050362267876142,254.39999999998983
0.7051742426717115,254.49999999998983
0.7053121638402171,254.59999999998982
0.7054499903092911,254.6999999999898
0.7055877220950936,254.7999999999898
0.7057253592137817,254.8999999999898
0.7058629016815113,254.9999999999898
0.7060003495144388,255.0999999999898
0.7061377027287146,255.19999999998979
0.7062749613404911,255.29999999998978
0.7064121253659187,255.39999999998977
0.7065491948211444,255.49999999998977
0.7066861697223149,255.59999999998976
0.7068230500855754,255.69999999998976
0.7069598359270695,255.79999999998975
0.7070965272629383,255.89999999998975
0.7072331241093216,255.99999999998974
0.707369626482359,256.09999999998973
0.7075082743824543,256.19999999998976
0.7076479306877274,256.2999999999898
0.7077874945232173,256.3999999999898
0.707926965904361,256.4999999999898
0.708066344846592,256.59999999998985
0.7082056313653455,256.69999999998987
0.7083448254760518,256.7999999999899
0.7084839271941413,256.8999999999899
0.7086229365350435,256.99999999998994
0.7087618535141856,257.09999999998996
0.7089006781469924,257.19999999999
0.7090394104488889,257.29999999999
0.7091780504352986,257.39999999999003
0.709316598121641,257.49999999999005
0.7094550535233379,257.5999999999901
0.7095934166558063,257.6999999999901
0.7097316875344639,257.7999999999901
0.709869866174725,257.89999999999014
0.7100079525920041,257.99999999999017
0.7101459468017133,258.0999999999902
0.7102838488192632,258.1999999999902
0.7104216586600633,258.29999999999023
0.7105593763395217,258.39999999999026
0.7106970018730447,258.4999999999903
0.7108345352760364,258.5999999999903
0.7109719765639004,258.6999999999903
0.7111093257520393,258.79999999999035
0.7112465828558521,258.89999999999037
0.7113837478907389,258.9999999999904
0.7115208208720964,259.0999999999904
0.7116578018153207,259.19999999999044
0.7117946907358051,259.29999999999046
0.7119314876489438,259.3999999999905
0.7120681925701275,259.4999999999905
0.7122048055147462,259.59999999999053
0.7123413264981883,259.69999999999055
0.7124777555358403,259.7999999999906
0.7126140926430876,259.8999999999906
0.712750337835314,259.9999999999906
0.712886491127903,260.09999999999064
0.7130225525362336,260.19999999999067
0.7131585220756864,260.2999999999907
0.7132943997616389,260.3999999999907
0.7134301856094682,260.49999999999073
0.7135658796345477,260.59999999999076
0.7137014818522515,260.6999999999908
0.7138369922779515,260.7999999999908
0.7139724109270187,260.8999999999908
0.7141077378148211,260.99999999999085
0.7142429729567261,261.09999999999087
0.7143781163681008,261.1999999999909
0.7145131680643084,261.2999999999909
0.7146481280607114,261.39999999999094
0.7147829963726726,261.49999999999096
0.7149177730155513,261.599999999991
0.7150524580047057,261.699999999991
0.7151870513554931,261.79999999999103
0.7153215530832686,261.89999999999105
0.7154559632033864,261.9999999999911
0.7155902817311991,262.0999999999911
0.7157245086820567,262.1999999999911
0.7158586440713104,262.29999999999114
0.715992687914306,262.39999999999117
0.7161266402263912,262.4999999999912
0.7162605010229116,262.5999999999912
0.7163942703192097,262.69999999999123
0.7165279481306271,262.79999999999126
0.7166615344725052,262.8999999999913
0.716795029360183,262.9999999999913
0.7169284328089978,263.0999999999913
0.7170617448342849,263.19999999999135
0.7171949654513802,263.29999999999137
0.7173280946756158,263.3999999999914
0.7174611325223228,263.4999999999914
0.7175940790068323,263.59999999999144
0.717726934144473,263.69999999999146
0.71785969795057,263.7999999999915
0.7179968022905153,263.8999999999915
0.7181360690348462,263.99999999999153
0.7182752482899295,264.09999999999155
0.7184143400697738,264.1999999999916
0.7185533443883887,264.2999999999916
0.7186922612597798,264.3999999999916
0.7188310906979533,264.49999999999164
0.7189698327169133,264.59999999999167
0.7191084873306631,264.6999999999917
0.7192470545532045,264.7999999999917
0.7193855343985373,264.89999999999173
0.7195239268806614,264.99999999999176
0.7196622320135737,265.0999999999918
0.7198004498112716,265.1999999999918
0.71993858028775,265.2999999999918
0.7200766234570025,265.39999999999185
0.7202145793330219,265.49999999999187
0.7203524479297994,265.5999999999919
0.7204902292613246,265.6999999999919
0.7206279233415867,265.79999999999194
0.7207655301845728,265.89999999999196
0.7209030498042689,265.999999999992
0.7210404822146603,266.099999999992
0.7211778274297296,266.19999999999203
0.721315085463459,266.29999999999205
0.7214522563298301,266.3999999999921
0.7215893400428216,266.4999999999921
0.7217263366164115,266.5999999999921
0.7218632460645774,266.69999999999214
0.7220000684012953,266.79999999999217
0.7221368036405388,266.8999999999922
0.7222734517962804,266.9999999999922
0.7224100128824927,267.09999999999224
0.7225464869131455,267.19999999999226
0.7226828739022078,267.2999999999923
0.7228191738636481,267.3999999999923
0.7229553868114323,267.4999999999923
0.7230915127595257,267.59999999999235
0.723227551721892,267.6999999999924
0.7233635037124936,267.7999999999924
0.7234993687452925,267.8999999999924
0.7236351468342475,267.99999999999244
0.7237708379933184,268.09999999999246
0.7239064422364618,268.1999999999925
0.7240419595776336,268.2999999999925
0.7241773900307892,268.39999999999253
0.7243127336098817,268.49999999999255
0.724447990328863,268.5999999999926
0.7245831602016838,268.6999999999926
0.7247182432422945,268.7999999999926
0.7248532394646424,268.89999999999264
0.7249881488826747,268.99999999999267
0.7251229715103369,269.0999999999927
0.7252577073615735,269.1999999999927
0.7253923564503268,269.29999999999274
0.7255269187905398,269.39999999999276
0.7256613943961516,269.4999999999928
0.7257957832811023,269.5999999999928
0.7259300854593284,269.6999999999928
0.7260643009447678,269.79999999999285
0.7261984297513552,269.8999999999929
0.7263324718930236,269.9999999999929
0.7264664273837067,270.0999999999929
0.7266002962373355,270.19999999999294
0.7267340784678398,270.29999999999296
0.726867774089148,270.399999999993
0.7270013831151881,270.499999999993
0.7271349055598855,270.59999999999303
0.7272683414371658,270.69999999999305
0.7274016907609508,270.7999999999931
0.7275349535451645,270.8999999999931
0.7276681298037269,270.9999999999931
0.7278012195505575,271.09999999999314
0.727934222799575,271.19999999999317
0.7280671395646957,271.2999999999932
0.7281999698598359,271.3999999999932
0.7283327136989096,271.49999999999324
0.7284653710958298,271.59999999999326
0.7285979420645082,271.6999999999933
0.7287304266188557,271.7999999999933
0.7288631085988759,271.8999999999933
0.7289987619837113,271.99999999999335
0.7291343308382007,272.0999999999934
0.7292698151756315,272.1999999999934
0.7294052150092903,272.2999999999934
0.7295405303524638,272.39999999999344
0.7296757612184345,272.49999999999346
0.729810907620485,272.5999999999935
0.7299459695718977,272.6999999999935
0.7300809470859527,272.79999999999353
0.7302158401759298,272.89999999999355
0.7303506488551067,272.9999999999936
0.7304853731367591,273.0999999999936
0.7306200130341644,273.1999999999936
0.7307545685605951,273.29999999999364
0.7308890397293257,273.39999999999367
0.7310234265536275,273.4999999999937
0.7311577290467715,273.5999999999937
0.7312919472220268,273.69999999999374
0.7314260810926622,273.79999999999376
0.7315601306719443,273.8999999999938
0.7316940959731391,273.9999999999938
0.7318279770095105,274.0999999999938
0.7319617737943229,274.19999999999385
0.7320954863408381,274.2999999999939
0.7322291146623173,274.3999999999939
0.7323626587720196,274.4999999999939
0.7324961186832043,274.59999999999394
0.7326294944091286,274.69999999999396
0.7327627859630484,274.799999999994
0.7328959933582183,274.899999999994
0.733029116607893,274.99999999999403
0.7331621557253241,275.09999999999405
0.7332951107237625,275.1999999999941
0.7334279816164594,275.2999999999941
0.733560768416663,275.3999999999941
0.733693471137621,275.49999999999415
0.7338260897925794,275.59999999999417
0.733958624394784,275.6999999999942
0.734091074957479,275.7999999999942
0.7342234414939063,275.89999999999424
0.734355724017308,275.99999999999426
0.7344879225409244,276.0999999999943
0.7346200370779943,276.1999999999943
0.734752067641756,276.2999999999943
0.7348840142454464,276.39999999999435
0.7350158769023005,276.4999999999944
0.7351476556255523,276.5999999999944
0.7352793504284356,276.6999999999944
0.7354109613241825,276.79999999999444
0.7355424883260226,276.89999999999446
0.7356739314471856,276.9999999999945
0.7358052907009002,277.0999999999945
0.735936566100393,277.19999999999453
0.73606775765889,277.29999999999455
0.736198865389616,277.3999999999946
0.7363298893057935,277.4999999999946
0.7364608294206458,277.5999999999946
0.7365916857473931,277.69999999999465
0.736722458299255,277.79999999999467
0.7368531470894506,277.8999999999947
0.7369837521311967,277.9999999999947
0.7371142734377101,278.09999999999474
0.7372447110222041,278.19999999999476
0.7373750648978947,278.2999999999948
0.7375053350779929,278.3999999999948
0.73763552157571,278.4999999999948
0.7377656244042561,278.59999999999485
0.7378956435768401,278.6999999999949
0.73802557910667,278.7999999999949
0.7381554310069517,278.8999999999949
0.7382851992908904,278.99999999999494
0.7384148839716907,279.09999999999496
0.7385444850625547,279.199999999995
0.7386740025766843,279.299999999995
0.7388034365272793,279.39999999999503
0.7389327869275398,279.49999999999505
0.7390620537906633,279.5999999999951
0.7391912371298458,279.6999999999951
0.7393203369582841,279.7999999999951
0.7394493532891716,279.89999999999515
0.7395782861357019,279.99999999999517
0.7397071355110663,280.0999999999952
0.7398359014284561,280.1999999999952
0.7399645839010602,280.29999999999524
0.7400985750697329,280.39999999999526
0.7402337765030303,280.4999999999953
0.7403688981041189,280.5999999999953
0.7405039398850215,280.6999999999953
0.7406389018577593,280.79999999999535
0.7407737840343531,280.8999999999954
0.7409085864268232,280.9999999999954
0.7410433090471876,281.0999999999954
0.741177951907464,281.19999999999544
0.7413125150196693,281.29999999999546
0.7414469983958177,281.3999999999955
0.7415814020479254,281.4999999999955
0.7417157259880042,281.59999999999553
0.7418499702280671,281.69999999999555
0.7419841347801249,281.7999999999956
0.7421182196561882,281.8999999999956
0.742252224868266,281.9999999999956
0.7423861504283661,282.09999999999565
0.742519996348496,282.19999999999567
0.7426537626406611,282.2999999999957
0.7427874493168667,282.3999999999957
0.7429210563891164,282.49999999999574
0.7430545838694133,282.59999999999576
0.7431880317697587,282.6999999999958
0.7433214001021529,282.7999999999958
0.743454688878597,282.8999999999958
0.7435878981110885,282.99999999999585
0.7437210278116244,283.0999999999959
0.7438540779922022,283.1999999999959
0.7439870486648175,283.2999999999959
0.7441199398414634,283.39999999999594
0.7442527515341343,283.49999999999596
0.7443854837548219,283.599999999996
0.7445181365155177,283.699999999996
0.7446507098282114,283.79999999999603
0.7447832037048928,283.89999999999606
0.7449156181575491,283.9999999999961
0.7450479531981683,284.0999999999961
0.7451802088387348,284.1999999999961
0.745312385091235,284.29999999999615
0.7454444819676519,284.39999999999617
0.7455764994799686,284.4999999999962
0.7457084376401667,284.5999999999962
0.7458402964602268,284.69999999999624
0.7459720759521287,284.79999999999626
0.7461037761278507,284.8999999999963
0.7462353969993709,284.9999999999963
0.7463669385786648,285.0999999999963
0.7464984008777085,285.19999999999635
0.7466297839084762,285.2999999999964
0.7467610876829408,285.3999999999964
0.7468923122130752,285.4999999999964
0.7470234575108503,285.59999999999644
0.7471545235882362,285.69999999999646
0.7472855104572015,285.7999999999965
0.747416418129715,285.8999999999965
0.7475472466177439,285.99999999999653
0.7476779959332533,286.09999999999656
0.7478086660882086,286.1999999999966
0.7479392570945738,286.2999999999966
0.748069768964311,286.3999999999966
0.7482002017093818,286.49999999999665
0.7483305553417477,286.59999999999667
0.7484608298733681,286.6999999999967
0.7485910253162014,286.7999999999967
0.7487211416822053,286.89999999999674
0.7488511789833361,286.99999999999676
0.7489811372315492,287.0999999999968
0.7491110164387985,287.1999999999968
0.749240816617039,287.2999999999968
0.7493705377782205,287.39999999999685
0.7495001799342962,287.4999999999969
0.7496297430972154,287.5999999999969
0.7497592272789274,287.6999999999969
0.7498886324913806,287.79999999999694
0.7500179587465212,287.89999999999696
0.750147206056296,287.999999999997
0.7502763744326493,288.099999999997
0.7504054638875249,288.19999999999703
0.7505344744328666,288.29999999999706
0.7506634060806153,288.3999999999971
0.7507922588427113,288.4999999999971
0.7509210327310951,288.5999999999971
0.7510497277577054,288.69999999999715
0.7511783439344788,288.79999999999717
0.7513068812733524,288.8999999999972
0.7514353397862621,288.9999999999972
0.7515637194851418,289.09999999999724
0.7516936773536139,289.19999999999726
0.7518252417233185,289.2999999999973
0.7519567290469013,289.3999999999973
0.7520881393357465,289.4999999999973
0.752219472601237,289.59999999999735
0.7523507288547554,289.6999999999974
0.7524819081076829,289.7999999999974
0.7526130103714002,289.8999999999974
0.7527440356572859,289.99999999999744
0.7528749839767191,290.09999999999746
0.7530058553410764,290.1999999999975
0.7531366497617346,290.2999999999975
0.7532673672500692,290.39999999999753
0.7533980078174545,290.49999999999756
0.753528571475264,290.5999999999976
0.7536590582348699,290.6999999999976
0.753789468107644,290.7999999999976
0.7539198011049573,290.89999999999765
0.7540500572381782,290.99999999999767
0.7541802365186759,291.0999999999977
0.7543103389578184,291.1999999999977
0.7544403645669711,291.29999999999774
0.7545703133575002,291.39999999999776
0.7547001853407711,291.4999999999978
0.7548299805281465,291.5999999999978
0.7549596989309895,291.69999999999783
0.7550893405606617,291.79999999999785
0.7552189054285242,291.8999999999979
0.755348393545936,291.9999999999979
0.7554778049242565,292.0999999999979
0.7556071395748438,292.19999999999794
0.7557363975090535,292.29999999999797
0.7558655787382427,292.399999999998
0.755994683273765,292.499999999998
0.7561237111269759,292.59999999999803
0.7562526623092272,292.69999999999806
0.756381536831871,292.7999999999981
0.756510334706258,292.8999999999981
0.7566390559437386,292.9999999999981
0.756767700555662,293.09999999999815
0.7568962685533756,293.19999999999817
0.7570247599482267,293.2999999999982
0.7571531747515622,293.3999999999982
0.7572815129747258,293.49999999999824
0.7574097746290629,293.59999999999826
0.7575379597259154,293.6999999999983
0.7576660682766256,293.7999999999983
0.7577941002925358,293.89999999999833
0.7579220557849857,293.99999999999835
0.7580499347653142,294.0999999999984
0.7581777372448595,294.1999999999984
0.7583054632349598,294.2999999999984
0.75843311274695,294.39999999999844
0.758560685792167,294.49999999999847
0.7586881823819431,294.5999999999985
0.7588156025276136,294.6999999999985
0.7589429462405103,294.79999999999853
0.7590702135319644,294.89999999999856
0.7591974044133064,294.9999999999986
0.7593245188958654,295.0999999999986
0.7594515569909707,295.1999999999986
0.7595785187099497,295.29999999999865
0.7597054040641286,295.39999999999867
0.7598322130648328,295.4999999999987
0.7599589457233866,295.5999999999987
0.7600856020511145,295.69999999999874
0.7602121820593397,295.79999999999876
0.7603386857593816,295.8999999999988
0.7604651131625627,295.9999999999988
0.7605914642802025,296.09999999999883
0.7607177391236194,296.19999999999885
0.760843937704131,296.2999999999989
0.7609700600330542,296.3999999999989
0.7610961061217054,296.4999999999989
0.7612220759813989,296.59999999999894
0.7613479696234481,296.69999999999897
0.7614737870591669,296.799999999999
0.7615995282998668,296.899999999999
0.7617251933568586,296.99999999999903
0.7618507822414521,297.09999999999906
0.7619762949649559,297.1999999999991
0.7621017315386794,297.2999999999991
0.7622270919739287,297.3999999999991
0.7623523762820102,297.49999999999915
0.7624775844742285,297.59999999999917
0.762602716561888,297.6999999999992
0.7627277725562921,297.7999999999992
0.7628527524687424,297.89999999999924
0.7629776563105406,297.99999999999926
0.7631024840929871,298.0999999999993
0.76322723582738,298.1999999999993
0.7633519115250188,298.29999999999933
0.7634766166853405,298.39999999999935
0.7636077319361824,298.4999999999994
0.7637388657763367,298.5999999999994
0.7638699269813619,298.6999999999994
0.7640009155615259,298.79999999999944
0.7641318315270968,298.89999999999947
0.76426267488834,298.9999999999995
0.7643934456555216,299.0999999999995
0.7645241438389063,299.19999999999953
0.7646547694487582,299.29999999999956
0.7647853224953399,299.3999999999996
0.7649158029889137,299.4999999999996
0.7650462109397415,299.5999999999996
0.7651765463580832,299.69999999999965
0.765306809254199,299.79999999999967
0.765436999638347,299.8999999999997
0.7655671175207855,299.9999999999997
0.7656971629117717,300.09999999999974
0.7658271358215623,300.19999999999976
0.7659570362604122,300.2999999999998
0.7660868642385763,300.3999999999998
0.7662166197663083,300.49999999999983
0.7663463028538607,300.59999999999985
0.7664759135114858,300.6999999999999
0.766605451749435,300.7999999999999
0.766734917577959,300.8999999999999
0.7668643110073061,300.99999999999994
0.7669936320477264,301.09999999999997
0.7671228807094663,301.2
0.7672520570027748,301.3
0.767381160937896,301.40000000000003
0.7675101925250765,301.50000000000006
0.7676391517745599,301.6000000000001
0.7677680386965905,301.7000000000001
0.7678968533014107,301.8000000000001
0.7680255955992625,301.90000000000015
0.7681542656003866,302.00000000000017
0.7682828633150243,302.1000000000002
0.7684113887534141,302.2000000000002
0.7685398419257946,302.30000000000024
0.7686682228424037,302.40000000000026
0.7687965315134782,302.5000000000003
0.7689247679492542,302.6000000000003
0.7690529321599667,302.70000000000033
0.7691810241558503,302.80000000000035
0.7693090439471382,302.9000000000004
0.7694369915440629,303.0000000000004
0.7695648669568568,303.1000000000004
0.7696926701957505,303.20000000000044
0.7698204012709737,303.30000000000047
0.7699480601927564,303.4000000000005
0.7700756469713264,303.5000000000005
0.7702031616169116,303.60000000000053
0.7703306041397389,303.70000000000056
0.770457974550034,303.8000000000006
0.7705852728580215,303.9000000000006
0.7707124990739259,304.0000000000006
0.7708396532079712,304.10000000000065
0.7709667352703788,304.20000000000067
0.7710937452713714,304.3000000000007
0.7712206832211692,304.4000000000007
0.7713475491299924,304.50000000000074
0.77147434300806,304.60000000000076
0.77160106486559,304.7000000000008
0.7717277147128004,304.8000000000008
0.7718542925599078,304.90000000000083
0.7719807984171281,305.00000000000085
0.7721072322946751,305.1000000000009
0.7722335942027643,305.2000000000009
0.772359884151608,305.3000000000009
0.7724861021514192,305.40000000000094
0.7726122482124094,305.50000000000097
0.7727383223447883,305.600000000001
0.7728643245587674,305.700000000001
0.7729902548645543,305.80000000000103
0.7731161132723579,305.90000000000106
0.7732418997923857,306.0000000000011
0.7733676144348434,306.1000000000011
0.7734932572099373,306.2000000000011
0.7736188281278719,306.30000000000115
0.7737443271988518,306.40000000000117
0.7738697544330793,306.5000000000012
0.773995109840757,306.6000000000012
0.774120393432087,306.70000000000124
0.7742456052172683,306.80000000000126
0.7743707452065023,306.9000000000013
0.7744958134099867,307.0000000000013
0.7746208098379206,307.10000000000133
0.7747457345005008,307.20000000000135
0.774870587407923,307.3000000000014
0.7749953685703841,307.4000000000014
0.7751200779980778,307.5000000000014
0.775244715701198,307.60000000000144
0.7753692816899381,307.70000000000147
0.7754937759744907,307.8000000000015
0.7756181985650459,307.9000000000015
0.7757425494717948,308.00000000000153
0.7758668287049278,308.10000000000156
0.775994165379459,308.2000000000016
0.7761216441667208,308.3000000000016
0.7762490529363066,308.4000000000016
0.7763763916979238,308.50000000000165
0.7765036604612757,308.60000000000167
0.7766308592360666,308.7000000000017
0.7767579880319989,308.8000000000017
0.7768850468587762,308.90000000000174
0.7770120357260987,309.00000000000176
0.7771389546436682,309.1000000000018
0.7772658036211838,309.2000000000018
0.7773925826683451,309.30000000000183
0.7775192917948506,309.40000000000185
0.7776459310103978,309.5000000000019
0.777772500324683,309.6000000000019
0.7778989997474031,309.7000000000019
0.7780254292882529,309.80000000000194
0.7781517889569272,309.90000000000197
0.7782780787631192,310.000000000002
0.7784042987165215,310.100000000002
0.7785304488268272,310.20000000000203
0.7786565291037275,310.30000000000206
0.7787825395569125,310.4000000000021
0.7789084801960717,310.5000000000021
0.7790343510308949,310.6000000000021
0.7791601520710697,310.70000000000215
0.7792858833262838,310.80000000000217
0.7794115448062243,310.9000000000022
0.7795371365205763,311.0000000000022
0.7796626584790252,311.10000000000224
0.7797881106912551,311.20000000000226
0.7799134931669498,311.3000000000023
0.7800388059157919,311.4000000000023
0.7801640489474634,311.50000000000233
0.7802892222716457,311.60000000000235
0.7804143258980186,311.7000000000024
0.7805393598362625,311.8000000000024
0.7806643240960555,311.9000000000024
0.7807892186870757,312.00000000000244
0.7809140436190011,312.10000000000247
0.7810387989015074,312.2000000000025
0.7811634845442711,312.3000000000025
0.7812881005569661,312.40000000000254
0.7814126469492669,312.50000000000256
0.7815371237308475,312.6000000000026
0.7816615309113798,312.7000000000026
0.7817858685005357,312.8000000000026
0.7819101365079865,312.90000000000265
0.7820343349434018,313.0000000000027
0.7821584638164523,313.1000000000027
0.7822825231368055,313.2000000000027
0.782406512914129,313.30000000000274
0.7825304331580915,313.40000000000276
0.782654283878358,313.5000000000028
0.7827780650845942,313.6000000000028
0.7829017767864654,313.70000000000283
0.783025418993635,313.80000000000285
0.7831489917157671,313.9000000000029
0.7832724949625228,314.0000000000029
0.7833959287435648,314.1000000000029
0.7835192930685531,314.20000000000294
0.7836425879471489,314.30000000000297
0.7837658133890106,314.400000000003
0.7838889694037977,314.500000000003
0.7840120560011665,314.60000000000304
0.7841350731907741,314.70000000000306
0.7842580209822784,314.8000000000031
0.7843808993853332,314.9000000000031
0.7845037084095936,315.0000000000031
0.7846264480647136,315.10000000000315
0.7847491183603464,315.2000000000032
0.7848717193061431,315.3000000000032
0.7849942509117568,315.4000000000032
0.7851167131868366,315.50000000000324
0.785239106141034,315.60000000000326
0.7853614297839975,315.7000000000033
0.7854836841253753,315.8000000000033
0.7856058691748151,315.90000000000333
0.7857279849419635,316.00000000000335
0.7858500314364669,316.1000000000034
0.7859720086679706,316.2000000000034
0.7860939166461193,316.3000000000034
0.7862157553805554,316.40000000000344
0.786337524880923,316.50000000000347
0.7864592251568641,316.6000000000035
0.7865808562180195,316.7000000000035
0.7867024180740307,316.80000000000354
0.786823910734537,316.90000000000356
0.7869453342091771,317.0000000000036
0.7870666885075895,317.1000000000036
0.7871879736394117,317.2000000000036
0.7873091896142809,317.30000000000365
0.7874303364418325,317.4000000000037
0.787551414131701,317.5000000000037
0.7876724226935216,317.6000000000037
0.7877933621369272,317.70000000000374
0.7879142324715511,317.80000000000376
0.7880350337070259,317.9000000000038
0.7881557658529811,318.0000000000038
0.7882764289190488,318.10000000000383
0.7883970229148578,318.20000000000385
0.7885183724868139,318.3000000000039
0.788645511477098,318.4000000000039
0.7887725845736409,318.5000000000039
0.7888995917851669,318.60000000000394
0.7890265331204014,318.70000000000397
0.7891534085880684,318.800000000004
0.789280218196891,318.900000000004
0.789406961955591,319.00000000000404
0.7895336398728917,319.10000000000406
0.7896602519575132,319.2000000000041
0.789786798218177,319.3000000000041
0.7899132786636028,319.4000000000041
0.7900396933025096,319.50000000000415
0.7901660421436151,319.6000000000042
0.7902923251956389,319.7000000000042
0.7904185424672971,319.8000000000042
0.7905446939673068,319.90000000000424
0.7906707797043829,320.00000000000426
0.7907967996872421,320.1000000000043
0.7909227539245982,320.2000000000043
0.7910486424251647,320.30000000000433
0.7911744651976549,320.40000000000435
0.791300222250782,320.5000000000044
0.7914259135932568,320.6000000000044
0.791551539233791,320.7000000000044
0.7916770991810947,320.80000000000445
0.791802593443879,320.90000000000447
0.7919280220308516,321.0000000000045
0.7920533849507213,321.1000000000045
0.7921786822121966,321.20000000000454
0.7923039138239834,321.30000000000456
0.7924290797947898,321.4000000000046
0.79255418013332,321.5000000000046
0.7926792148482795,321.6000000000046
0.7928041839483734,321.70000000000465
0.7929290874423055,321.8000000000047
0.7930539253387777,321.9000000000047
0.7931786976464935,322.0000000000047
0.7933034043741539,322.10000000000474
0.7934280455304608,322.20000000000476
0.7935526211241141,322.3000000000048
0.7936771311638136,322.4000000000048
0.7938015756582584,322.50000000000483
0.7939259546161468,322.60000000000485
0.7940502680461766,322.7000000000049
0.7941745159570445,322.8000000000049
0.7942986983574475,322.9000000000049
0.7944228152560805,323.00000000000495
0.7945468666616393,323.10000000000497
0.7946708525828181,323.200000000005
0.7947947730283106,323.300000000005
0.7949186280068093,323.40000000000504
0.7950424175270072,323.50000000000506
0.7951661415975951,323.6000000000051
0.7952898002272651,323.7000000000051
0.7954133934247071,323.8000000000051
0.7955369211986097,323.90000000000515
0.7956603835576637,324.0000000000052
0.7957837805105559,324.1000000000052
0.7959071120659751,324.2000000000052
0.796030378232607,324.30000000000524
0.7961535790191396,324.40000000000526
0.7962767144342567,324.5000000000053
0.7963997844866445,324.6000000000053
0.7965227891849865,324.70000000000533
0.796645728537967,324.80000000000535
0.7967686025542684,324.9000000000054
0.7968914112425733,325.0000000000054
0.7970141546115633,325.1000000000054
0.7971368326699193,325.20000000000545
0.7972594454263211,325.30000000000547
0.7973819928894492,325.4000000000055
0.7975044750679812,325.5000000000055
0.7976268919705966,325.60000000000554
0.797749243605972,325.70000000000556
0.7978715299827854,325.8000000000056
0.7979937511097123,325.9000000000056
0.7981159069954282,326.0000000000056
0.7982379976486083,326.10000000000565
0.7983600230779259,326.2000000000057
0.798481983292056,326.3000000000057
0.7986038782996708,326.4000000000057
0.7987257081094422,326.50000000000574
0.798847472730042,326.60000000000576
0.7989691721701411,326.7000000000058
0.7990908064384097,326.8000000000058
0.7992123755435174,326.90000000000583
0.799333879494133,327.00000000000585
0.7994553182989249,327.1000000000059
0.7995766919665597,327.2000000000059
0.799698000505705,327.3000000000059
0.7998192439250273,327.40000000000595
0.7999404222331914,327.50000000000597
0.800061535438862,327.600000000006
0.800182583550704,327.700000000006
0.8003035665773806,327.80000000000604
0.8004244845275547,327.90000000000606
0.8005453374098879,328.0000000000061
0.800666125233042,328.1000000000061
0.8007868480056786,328.2000000000061
0.8009075057364566,328.30000000000615
0.8010280984340356,328.4000000000062
0.8011486261070756,328.5000000000062
0.8012690887642338,328.6000000000062
0.8013894864141676,328.70000000000624
0.8015098190655338,328.80000000000626
0.8016300867269885,328.9000000000063
0.8017506450793583,329.0000000000063
0.8018741242430286,329.10000000000633
0.801997539965359,329.20000000000636
0.8021208922545819,329.3000000000064
0.8022441811189283,329.4000000000064
0.8023674065666283,329.5000000000064
0.8024905686059118,329.60000000000645
0.8026136672450083,329.70000000000647
0.8027367024921453,329.8000000000065
0.8028596743555519,329.9000000000065
0.8029825828434546,330.00000000000654
0.8031054279640806,330.10000000000656
0.8032282097256556,330.2000000000066
0.8033509281364053,330.3000000000066
0.8034735832045544,330.4000000000066
0.8035961749383272,330.50000000000665
0.8037187033459469,330.6000000000067
0.8038411684356366,330.7000000000067
0.8039635702156188,330.8000000000067
0.8040859086941147,330.90000000000674
0.804208183879346,331.00000000000676
0.8043303957795335,331.1000000000068
0.8044525444028957,331.2000000000068
0.8045746297576529,331.30000000000683
0.8046966518520235,331.40000000000686
0.8048186106942252,331.5000000000069
0.8049405062924756,331.6000000000069
0.8050623386549915,331.7000000000069
0.8051841077899885,331.80000000000695
0.8053058137056825,331.90000000000697
0.8054274564102881,332.000000000007
0.8055490359120203,332.100000000007
0.805670552219092,332.20000000000704
0.8057920053397158,332.30000000000706
0.8059133952821055,332.4000000000071
0.806034722054472,332.5000000000071
0.806155985665026,332.6000000000071
0.8062771861219785,332.70000000000715
0.8063983234335397,332.8000000000072
0.8065193976079185,332.9000000000072
0.8066404086533235,333.0000000000072
0.8067613565779629,333.10000000000724
0.8068822413900442,333.20000000000726
0.807003063097774,333.3000000000073
0.8071238217093588,333.4000000000073
0.8072445172330039,333.50000000000733
0.8073651496769141,333.60000000000736
0.8074857190492941,333.7000000000074
0.8076062253583471,333.8000000000074
0.8077266686122767,333.9000000000074
0.8078470488192845,334.00000000000745
0.8079673659875738,334.10000000000747
0.8080876201253446,334.2000000000075
0.8082078112407979,334.3000000000075
0.8083279393421335,334.40000000000754
0.8084480044375509,334.50000000000756
0.808568006535249,334.6000000000076
0.8086879456434254,334.7000000000076
0.8088078217702787,334.8000000000076
0.8089276349240041,334.90000000000765
0.809047385112799,335.0000000000077
0.8091670723448591,335.1000000000077
0.8092866966283785,335.2000000000077
0.8094062579715529,335.30000000000774
0.8095257563825751,335.40000000000776
0.8096451918696387,335.5000000000078
0.8097645644409356,335.6000000000078
0.8098838741046581,335.70000000000783
0.8100031208689977,335.80000000000786
0.8101223047421453,335.9000000000079
0.8102414257322905,336.0000000000079
0.8103604838476229,336.1000000000079
0.810479479096331,336.20000000000795
0.8105984114866033,336.30000000000797
0.810717281026627,336.400000000008
0.8108360877245899,336.500000000008
0.8109548315886778,336.60000000000804
0.8110735126270759,336.70000000000806
0.8111921308479703,336.8000000000081
0.8113106862595448,336.9000000000081
0.8114291788699834,337.00000000000813
0.8115476086874693,337.10000000000815
0.8116659757201858,337.2000000000082
0.811784279976314,337.3000000000082
0.8119025214640356,337.4000000000082
0.8120207001915312,337.50000000000824
0.8121388161669815,337.60000000000827
0.8122568693985653,337.7000000000083
0.8123748598944622,337.8000000000083
0.8124927876628497,337.90000000000833
0.8126106527119061,338.00000000000836
0.8127284550498085,338.1000000000084
0.8128461946847327,338.2000000000084
0.8129638716248551,338.3000000000084
0.8130814858783507,338.40000000000845
0.8131990374533944,338.50000000000847
0.8133165263581595,338.6000000000085
0.8134339526008192,338.7000000000085
0.8135513161895471,338.80000000000854
0.8136686171325154,338.90000000000856
0.813785855437894,339.0000000000086
0.8139030311138554,339.1000000000086
0.8140201441685692,339.20000000000863
0.814137194610205,339.30000000000865
0.8142541824469323,339.4000000000087
0.814371107686918,339.5000000000087
0.8144879703383321,339.6000000000087
0.8146047704093399,339.70000000000874
0.814721507908109,339.80000000000877
0.8148381828428048,339.9000000000088
0.8149547952215926,340.0000000000088
0.8150713450526373,340.10000000000883
0.8151878323441032,340.20000000000886
0.8153087942425433,340.3000000000089
0.8154318410973156,340.4000000000089
0.815554828381236,340.5000000000089
0.8156777561016794,340.60000000000895
0.8158006242660171,340.70000000000897
0.8159234328816214,340.800000000009
0.8160461819558634,340.900000000009
0.8161688714961136,341.00000000000904
0.816291501509743,341.10000000000906
0.81641407200412,341.2000000000091
0.8165365829866148,341.3000000000091
0.816659034464596,341.40000000000913
0.8167814264454308,341.50000000000915
0.8169037589364883,341.6000000000092
0.8170260319451337,341.7000000000092
0.8171482454787351,341.8000000000092
0.8172703995446569,341.90000000000924
0.8173924941502658,342.00000000000927
0.8175145293029266,342.1000000000093
0.8176365050100032,342.2000000000093
0.8177584212788593,342.30000000000933
0.8178802781168589,342.40000000000936
0.8180020755313644,342.5000000000094
0.8181238135297376,342.6000000000094
0.8182454921193408,342.7000000000094
0.8183671113075357,342.80000000000945
0.8184886711016814,342.90000000000947
0.818610171509139,343.0000000000095
0.8187316125372682,343.1000000000095
0.8188529941934274,343.20000000000954
0.8189743164849762,343.30000000000956
0.819095579419272,343.4000000000096
0.8192167830036721,343.5000000000096
0.819337927245533,343.60000000000963
0.819459012152212,343.70000000000965
0.8195800377310647,343.8000000000097
0.8197010039894463,343.9000000000097
0.8198219109347117,344.0000000000097
0.819942758574215,344.10000000000974
0.8200635469153101,344.20000000000977
0.8201842759653505,344.3000000000098
0.8203049457316881,344.4000000000098
0.8204255562216755,344.50000000000983
0.8205461074426649,344.60000000000986
0.8206665994020064,344.7000000000099
0.8207870321070511,344.8000000000099
0.8209074055651489,344.9000000000099
0.8210277197836492,345.00000000000995
0.8211479747699012,345.10000000000997
0.8212681705312532,345.20000000001
0.8213883070750533,345.30000000001
0.8215083844086487,345.40000000001004
0.8216284025393863,345.50000000001006
0.8217483614746118,345.6000000000101
0.8218682612216721,345.7000000000101
0.8219881017879119,345.80000000001013
0.8221078831806757,345.90000000001015
0.8222276054073077,346.0000000000102
0.8223472684751519,346.1000000000102
0.8224668723915516,346.2000000000102
0.822586417163849,346.30000000001024
0.8227059027993863,346.40000000001027
0.8228253293055049,346.5000000000103
0.8229446966895454,346.6000000000103
0.8230640049588498,346.70000000001033
0.8231832541207568,346.80000000001036
0.8233024441826058,346.9000000000104
0.8234215751517359,347.0000000000104
0.8235406470354856,347.1000000000104
0.8236596598411924,347.20000000001045
0.8237786135761941,347.30000000001047
0.8238975082478271,347.4000000000105
0.8240163438634281,347.5000000000105
0.8241351204303323,347.60000000001054
0.8242538379558749,347.70000000001056
0.8243724964473907,347.8000000000106
0.8244910959122135,347.9000000000106
0.8246096363576777,348.00000000001063
0.8247281177911152,348.10000000001065
0.8248465402198595,348.2000000000107
0.8249649036512423,348.3000000000107
0.825083208092595,348.4000000000107
0.8252014535512485,348.50000000001074
0.8253196400345334,348.60000000001077
0.825437767549779,348.7000000000108
0.8255558361043155,348.8000000000108
0.8256738457054714,348.90000000001083
0.8257917963605743,349.00000000001086
0.8259096880769529,349.1000000000109
0.8260275208619346,349.2000000000109
0.8261452947228446,349.3000000000109
0.826263009667011,349.40000000001095
0.8263806657017582,349.50000000001097
0.8264982628344114,349.600000000011
0.8266158010722952,349.700000000011
0.8267332804227342,349.80000000001104
0.8268507008930513,349.90000000001106
0.8269680624905704,350.0000000000111
0.827085365222613,350.1000000000111
0.827202609096501,350.20000000001113
0.8273197941195559,350.30000000001115
0.8274369202990995,350.4000000000112
0.8275539876424514,350.5000000000112
0.8276709961569312,350.6000000000112
0.8277879458498586,350.70000000001124
0.8279048367285528,350.80000000001127
0.8280216688003306,350.9000000000113
0.8281384420725112,351.0000000000113
0.8282551565524109,351.10000000001133
0.8283718122473464,351.20000000001136
0.8284884091646341,351.3000000000114
0.8286049473115897,351.4000000000114
0.8287214266955278,351.5000000000114
0.8288378473237631,351.60000000001145
0.8289542092036097,351.70000000001147
0.8290705123423812,351.8000000000115
0.8291867567473906,351.9000000000115
0.8293029424259493,352.00000000001154
0.8294200798148691,352.10000000001156
0.8295394897338252,352.2000000000116
0.8296588423710102,352.3000000000116
0.8297781377333657,352.40000000001163
0.8298973758278342,352.50000000001165
0.8300165566613549,352.6000000000117
0.8301356802408699,352.7000000000117
0.8302547465733189,352.8000000000117
0.830373755665641,352.90000000001174
0.8304927075247756,353.00000000001177
0.8306116021576615,353.1000000000118
0.8307304395712362,353.2000000000118
0.830849219772438,353.30000000001183
0.830967942768203,353.40000000001186
0.8310866085654688,353.5000000000119
0.8312052171711706,353.6000000000119
0.8313237685922448,353.7000000000119
0.8314422628356258,353.80000000001195
0.8315606999082493,353.90000000001197
0.8316790798170486,354.000000000012
0.8317974025689576,354.100000000012
0.8319156681709098,354.20000000001204
0.8320338766298371,354.30000000001206
0.8321520279526724,354.4000000000121
0.8322701221463474,354.5000000000121
0.8323881592177933,354.60000000001213
0.8325061391739401,354.70000000001215
0.832624062021719,354.8000000000122
0.832741927768059,354.9000000000122
0.83285973641989,355.0000000000122
0.8329774879841401,355.10000000001224
0.8330951824677387,355.20000000001227
0.8332128198776121,355.3000000000123
0.8333304002206892,355.4000000000123
0.8334479235038951,355.50000000001234
0.8335653897341581,355.60000000001236
0.8336827989184021,355.7000000000124
0.8338001510635534,355.8000000000124
0.833917446176537,355.9000000000124
0.8340346842642775,356.00000000001245
0.8341518653336976,356.10000000001247
0.8342689893917216,356.2000000000125
0.8343860564452725,356.3000000000125
0.8345030665012726,356.40000000001254
0.8346200195666431,356.50000000001256
0.8347369156483067,356.6000000000126
0.8348537547531831,356.7000000000126
0.8349705368881934,356.80000000001263
0.8350872620602581,356.90000000001265
0.8352039302762956,357.0000000000127
0.8353205415432257,357.1000000000127
0.835437095867967,357.2000000000127
0.8355535932574362,357.30000000001274
0.8356700337185522,357.40000000001277
0.8357864172582316,357.5000000000128
0.8359027438833909,357.6000000000128
0.8360190136009467,357.70000000001284
0.8361352264178132,357.80000000001286
0.8362513823409069,357.9000000000129
0.8363674813771423,358.0000000000129
0.8364835235334325,358.1000000000129
0.8365995088166914,358.20000000001295
0.8367154372338333,358.300000000013
0.8368313087917697,358.400000000013
0.8369471234974127,358.500000000013
0.8370628813576745,358.60000000001304
0.8371785823794666,358.70000000001306
0.8372942265696985,358.8000000000131
0.8374098139352814,358.9000000000131
0.8375253444831248,359.00000000001313
0.8376408182201376,359.10000000001315
0.8377562351532292,359.2000000000132
0.8378715952893067,359.3000000000132
0.8379868986352793,359.4000000000132
0.8381021451980532,359.50000000001324
0.8382173349845354,359.60000000001327
0.8383324680016326,359.7000000000133
0.8384475442562509,359.8000000000133
0.8385625637552939,359.90000000001334
0.8386775265056682,360.00000000001336
0.8387924325142777,360.1000000000134
0.8389072817880259,360.2000000000134
0.8390220743338166,360.3000000000134
0.8391368101585523,360.40000000001345
0.8392514892691355,360.5000000000135
0.8393661116724687,360.6000000000135
0.8394806773754523,360.7000000000135
0.8395951863849875,360.80000000001354
0.8397096387079752,360.90000000001356
0.8398240343513153,361.0000000000136
0.8399383733219067,361.1000000000136
0.8400526556266491,361.20000000001363
0.8401668812724404,361.30000000001365
0.8402810502661792,361.4000000000137
0.840395162614762,361.5000000000137
0.8405092183250874,361.6000000000137
0.8406232174040507,361.70000000001374
0.840737159858548,361.80000000001377
0.8408510456954753,361.9000000000138
0.8409648749217274,362.0000000000138
0.8410786475441994,362.10000000001384
0.8411923635697848,362.20000000001386
0.8413060230053777,362.3000000000139
0.8414196258578707,362.4000000000139
0.8415331721341566,362.5000000000139
0.8416466618411281,362.60000000001395
0.8417600949856759,362.700000000014
0.8418734715746922,362.800000000014
0.8419867916150672,362.900000000014
0.8421000551136905,363.00000000001404
0.8422132620774533,363.10000000001406
0.8423264125132436,363.2000000000141
0.8424395064279502,363.3000000000141
0.8425525438284621,363.40000000001413
0.8426655247216664,363.50000000001415
0.8427784491144509,363.6000000000142
0.8428913170137018,363.7000000000142
0.8430041284263056,363.8000000000142
0.8431168833591481,363.90000000001424
0.8432295818191157,364.00000000001427
0.8433422238130912,364.1000000000143
0.8434548093479606,364.2000000000143
0.843567338430607,364.30000000001434
0.8436798110679149,364.40000000001436
0.8437922272667652,364.5000000000144
0.8439094809412692,364.6000000000144
0.8440284688199045,364.7000000000144
0.844147403028792,364.80000000001445
0.844266283574126,364.9000000000145
0.8443851104620987,365.0000000000145
0.8445038836989038,365.1000000000145
0.8446226032907342,365.20000000001454
0.844741269243782,365.30000000001456
0.8448598815642384,365.4000000000146
0.8449784402582954,365.5000000000146
0.845096945332144,365.60000000001463
0.845215396791974,365.70000000001465
0.8453337946439762,365.8000000000147
0.8454521388943399,365.9000000000147
0.8455704295492548,366.0000000000147
0.8456886666149094,366.10000000001475
0.8458068500974921,366.20000000001477
0.8459249800031908,366.3000000000148
0.8460430563381939,366.4000000000148
0.8461610791086879,366.50000000001484
0.8462790483208595,366.60000000001486
0.8463969639808957,366.7000000000149
0.8465148260949825,366.8000000000149
0.8466326346693042,366.9000000000149
0.8467503897100472,367.00000000001495
0.8468680912233955,367.100000000015
0.8469857392155339,367.200000000015
0.8471033336926459,367.300000000015
0.8472208746609151,367.40000000001504
0.8473383621265238,367.50000000001506
0.8474557960956557,367.6000000000151
0.8475731765744932,367.7000000000151
0.847690503569217,367.80000000001513
0.8478077770860084,367.90000000001515
0.8479249971310496,368.0000000000152
0.8480421637105203,368.1000000000152
0.8481592768306008,368.2000000000152
0.8482763364974706,368.30000000001525
0.8483933427173094,368.40000000001527
0.8485102954962952,368.5000000000153
0.8486271948406077,368.6000000000153
0.8487440407564241,368.70000000001534
0.8488608332499223,368.80000000001536
0.8489775723272792,368.9000000000154
0.8490942579946724,369.0000000000154
0.849210890258277,369.1000000000154
0.8493274691242705,369.20000000001545
0.849443994598827,369.3000000000155
0.8495604666881221,369.4000000000155
0.8496768853983314,369.5000000000155
0.8497932507356275,369.60000000001554
0.8499095627061861,369.70000000001556
0.85002582131618,369.8000000000156
0.8501420265717816,369.9000000000156
0.8502581784791639,370.00000000001563
0.8503742770444989,370.10000000001565
0.8504903222739593,370.2000000000157
0.8506063141737165,370.3000000000157
0.8507222527499398,370.4000000000157
0.8508381380088014,370.50000000001575
0.8509539699564704,370.60000000001577
0.8510697485991174,370.7000000000158
0.8511854739429116,370.8000000000158
0.851301145994021,370.90000000001584
0.8514167647586148,371.00000000001586
0.851532330242861,371.1000000000159
0.8516478424529278,371.2000000000159
0.851763301394981,371.3000000000159
0.8518787070751885,371.40000000001595
0.8519940594997165,371.500000000016
0.8521093586747309,371.600000000016
0.8522246046063975,371.700000000016
0.8523397973008808,371.80000000001604
0.8524549367643468,371.90000000001606
0.8525700230029583,372.0000000000161
0.8526850560228806,372.1000000000161
0.8528000358302757,372.20000000001613
0.8529149624313083,372.30000000001615
0.8530298358321398,372.4000000000162
0.8531446560389334,372.5000000000162
0.8532594230578495,372.6000000000162
0.8533741368950511,372.70000000001625
0.8534887975566989,372.80000000001627
0.8536034050489525,372.9000000000163
0.8537179593779727,373.0000000000163
0.8538324605499197,373.10000000001634
0.8539469085709527,373.20000000001636
0.8540613034472299,373.3000000000164
0.8541756451849102,373.4000000000164
0.8542899337901517,373.5000000000164
0.8544041692691124,373.60000000001645
0.8545183516279498,373.7000000000165
0.8546324808728192,373.8000000000165
0.8547465570098786,373.9000000000165
0.8548605800452836,374.00000000001654
0.8549745499851895,374.10000000001656
0.8550884668357518,374.2000000000166
0.8552023306031256,374.3000000000166
0.8553161412934641,374.40000000001663
0.8554298989129228,374.50000000001666
0.8555436034676537,374.6000000000167
0.8556572549638107,374.7000000000167
0.8557708534075468,374.8000000000167
0.855884398805014,374.90000000001675
0.8559978911623641,375.00000000001677
0.8561113304857481,375.1000000000168
0.8562247167813181,375.2000000000168
0.8563380500552239,375.30000000001684
0.8564513303136161,375.40000000001686
0.8565645575626445,375.5000000000169
0.856677731808458,375.6000000000169
0.8567908530572055,375.7000000000169
0.8569039213150365,375.80000000001695
0.8570169365880987,375.900000000017
0.8571298988825391,376.000000000017
0.8572428082045067,376.100000000017
0.8573556645601469,376.20000000001704
0.8574684679556064,376.30000000001706
0.8575812183970313,376.4000000000171
0.8576939158905682,376.5000000000171
0.8578065604423609,376.60000000001713
0.8579191520585554,376.70000000001716
0.8580316907452953,376.8000000000172
0.8581441765087251,376.9000000000172
0.858256609354988,377.0000000000172
0.8583689892902273,377.10000000001725
0.8584813163205863,377.20000000001727
0.8585935904522067,377.3000000000173
0.8587058116912304,377.4000000000173
0.8588179800437995,377.50000000001734
0.8589300955160541,377.60000000001736
0.8590432598126894,377.7000000000174
0.8591586111694353,377.8000000000174
0.8592739109906213,377.9000000000174
0.859389159282067,378.00000000001745
0.8595043560495913,378.1000000000175
0.8596195012990124,378.2000000000175
0.8597345950361494,378.3000000000175
0.8598496372668197,378.40000000001754
0.8599646279968406,378.50000000001756
0.8600795672320296,378.6000000000176
0.8601944549782025,378.7000000000176
0.8603092912411768,378.80000000001763
0.8604240760267674,378.90000000001766
0.8605388093407904,379.0000000000177
0.8606534911890602,379.1000000000177
0.8607681215773937,379.2000000000177
0.8608827005116023,379.30000000001775
0.8609972279975017,379.40000000001777
0.8611117040409063,379.5000000000178
0.8612261286476276,379.6000000000178
0.8613405018234791,379.70000000001784
0.8614548235742738,379.80000000001786
0.861569093905823,379.9000000000179
0.8616833128239394,380.0000000000179
0.8617974803344336,380.1000000000179
0.8619115964431164,380.20000000001795
0.862025661155799,380.300000000018
0.8621396744782914,380.400000000018
0.8622536364164033,380.500000000018
0.862367546975944,380.60000000001804
0.8624814061627225,380.70000000001806
0.8625952139825478,380.8000000000181
0.8627089704412276,380.9000000000181
0.8628226755445706,381.00000000001813
0.862936329298384,381.10000000001816
0.8630499317084745,381.2000000000182
0.8631634827806499,381.3000000000182
0.8632769825207152,381.4000000000182
0.8633904309344772,381.50000000001825
0.8635038280277412,381.60000000001827
0.8636171738063126,381.7000000000183
0.8637304682759969,381.8000000000183
0.8638437114425976,381.90000000001834
0.8639569033119188,382.00000000001836
0.864070043889764,382.1000000000184
0.8641831331819378,382.2000000000184
0.8642961711942421,382.30000000001843
0.8644091579324793,382.40000000001845
0.8645220934024523,382.5000000000185
0.8646349776099617,382.6000000000185
0.8647478105608103,382.7000000000185
0.8648605922607986,382.80000000001854
0.8649733227157272,382.90000000001857
0.8650860019313961,383.0000000000186
0.8651986299136056,383.1000000000186
0.8653112066681546,383.20000000001863
0.8654237322008428,383.30000000001866
0.865536206517469,383.4000000000187
0.865648629623831,383.5000000000187
0.8657610015257267,383.6000000000187
0.8658733222289544,383.70000000001875
0.865985591739311,383.80000000001877
0.8660978100625933,383.9000000000188
0.8662099772045972,384.0000000000188
0.8663220931711203,384.10000000001884
0.8664341579679562,384.20000000001886
0.8665461716009022,384.3000000000189
0.8666581340757511,384.4000000000189
0.8667700453982994,384.50000000001893
0.8668819055743399,384.60000000001895
0.8669937146096673,384.700000000019
0.8671054725100745,384.800000000019
0.8672171792813547,384.900000000019
0.8673288349293,385.00000000001904
0.867440439459704,385.10000000001907
0.8675519928783565,385.2000000000191
0.8676634951910509,385.3000000000191
0.8677749464035773,385.40000000001913
0.8678863465217268,385.50000000001916
0.8679976955512894,385.6000000000192
0.8681089934980555,385.7000000000192
0.8682202403678144,385.8000000000192
0.8683314361663547,385.90000000001925
0.8684425808994661,386.00000000001927
0.8685536745729366,386.1000000000193
0.868664717192555,386.2000000000193
0.8687757087641079,386.30000000001934
0.8688866492933833,386.40000000001936
0.8689975387861679,386.5000000000194
0.869108377248248,386.6000000000194
0.8692191646854103,386.70000000001943
0.8693299011034396,386.80000000001945
0.8694405865081224,386.9000000000195
0.8695512209052434,387.0000000000195
0.8696618043005867,387.1000000000195
0.8697723366999367,387.20000000001954
0.8698828181090775,387.30000000001957
0.8699932485337926,387.4000000000196
0.8701036279798648,387.5000000000196
0.8702139564530774,387.60000000001963
0.8703242339592121,387.70000000001966
0.870434460504051,387.8000000000197
0.870544636093376,387.9000000000197
0.8706547607329675,388.0000000000197
0.8707648344286075,388.10000000001975
0.870874857186076,388.20000000001977
0.8709848290111526,388.3000000000198
0.8710947499096169,388.4000000000198
0.871204619887249,388.50000000001984
0.871314438949827,388.60000000001986
0.8714242071031295,388.7000000000199
0.8715339243529355,388.8000000000199
0.871643590705022,388.90000000001993
0.8717532061651664,389.00000000001995
0.8718627707391459,389.10000000002
0.8719722844327368,389.20000000002
0.8720817472517162,389.30000000002
0.872191159201859,389.40000000002004
0.872300520288941,389.50000000002007
0.872409830518738,389.6000000000201
0.8725190898970235,389.7000000000201
0.8726282984295728,389.80000000002013
0.8727374561221591,389.90000000002016
0.8728465629805567,390.0000000000202
0.8729556190105383,390.1000000000202
0.8730646242178768,390.2000000000202
0.8731735786083449,390.30000000002025
0.8732824821877142,390.40000000002027
0.8733913349617568,390.5000000000203
0.8735001369362444,390.6000000000203
0.873608888116947,390.70000000002034
0.8737175885096358,390.80000000002036
0.87382623812008,390.9000000000204
0.8739348369540503,391.0000000000204
0.8740433850173157,391.10000000002043
0.8741518823156454,391.20000000002045
0.8742603288548082,391.3000000000205
0.8743687246405726,391.4000000000205
0.8744770696787054,391.5000000000205
0.8745907344402066,391.60000000002054
0.87470566248852,391.70000000002057
0.874820542365141,391.8000000000206
0.8749353740752399,391.9000000000206
0.8750501576239873,392.00000000002063
0.8751648930165536,392.10000000002066
0.8752795802581081,392.2000000000207
0.8753942193538202,392.3000000000207
0.87550881030886,392.4000000000207
0.8756233531283947,392.50000000002075
0.8757378478175946,392.60000000002077
0.8758522943816259,392.7000000000208
0.8759666928256576,392.8000000000208
0.8760810431548571,392.90000000002084
0.876195345374392,393.00000000002086
0.8763095994894279,393.1000000000209
0.8764238055051327,393.2000000000209
0.8765379634266712,393.30000000002093
0.8766520732592109,393.40000000002095
0.8767661350079162,393.500000000021
0.8768801486779524,393.600000000021
0.8769941142744846,393.700000000021
0.8771080318026778,393.80000000002104
0.8772219012676961,393.90000000002107
0.8773357226747023,394.0000000000211
0.8774494960288617,394.1000000000211
0.8775632213353365,394.20000000002113
0.8776768985992908,394.30000000002116
0.8777905278258857,394.4000000000212
0.8779041090202847,394.5000000000212
0.8780176421876494,394.6000000000212
0.878131127333141,394.70000000002125
0.878244564461922,394.80000000002127
0.8783579535791523,394.9000000000213
0.8784712946899935,395.0000000000213
0.8785845877996051,395.10000000002134
0.8786978329131481,395.20000000002136
0.8788110300357815,395.3000000000214
0.8789241791726655,395.4000000000214
0.8790372803289583,395.50000000002143
0.8791503335098191,395.60000000002145
0.8792633387204062,395.7000000000215
0.879376295965878,395.8000000000215
0.879489205251392,395.9000000000215
0.8796020665821057,396.00000000002154
0.8797148799631768,396.10000000002157
0.8798276453997618,396.2000000000216
0.8799403628970164,396.3000000000216
0.8800530324600986,396.40000000002163
0.8801656540941623,396.50000000002166
0.880278227804364,396.6000000000217
0.8803907535958592,396.7000000000217
0.8805032314738019,396.8000000000217
0.8806156614433478,396.90000000002175
0.8807280435096507,397.00000000002177
0.8808403776778639,397.1000000000218
0.8809526639531414,397.2000000000218
0.8810649023406367,397.30000000002184
0.8811770928455029,397.40000000002186
0.8812892354728923,397.5000000000219
0.881401330227957,397.6000000000219
0.8815133771158493,397.70000000002193
0.881625376141721,397.80000000002195
0.8817373273107232,397.900000000022
0.881849230628007,398.000000000022
0.881961086098723,398.100000000022
0.8820728937280219,398.20000000002204
0.8821846535210535,398.30000000002207
0.8822963654829669,398.4000000000221
0.8824080296189133,398.5000000000221
0.8825196459340396,398.60000000002213
0.8826312144334968,398.70000000002216
0.8827427351224306,398.8000000000222
0.8828542080059919,398.9000000000222
0.882965633089327,399.0000000000222
0.8830770103775832,399.10000000002225
0.8831883398759088,399.20000000002227
0.8832996215894493,399.3000000000223
0.8834108555233523,399.4000000000223
0.8835220416827634,399.50000000002234
0.8836331800728279,399.60000000002236
0.8837442706986928,399.7000000000224
0.8838553135655023,399.8000000000224
0.8839663086784015,399.90000000002243
0.8840772560425343,400.00000000002245
0.8841881556630468,400.1000000000225
0.8842990075450811,400.2000000000225
0.8844098116937817,400.3000000000225
0.8845205681142913,400.40000000002254
0.8846312768117534,400.50000000002257
0.8847419377913103,400.6000000000226
0.8848525510581049,400.7000000000226
0.8849631166172784,400.80000000002264
0.8850736344739722,400.90000000002266
0.885184104633329,401.0000000000227
0.8852945271004892,401.1000000000227
0.8854049018805931,401.2000000000227
0.8855152289787813,401.30000000002275
0.8856255084001938,401.40000000002277
0.8857357401499707,401.5000000000228
0.8858459242332511,401.6000000000228
0.8859560606551741,401.70000000002284
0.8860661494208778,401.80000000002286
0.8861761905355026,401.9000000000229
0.8862861840041848,402.0000000000229
0.8863961298320626,402.10000000002293
0.8865060280242739,402.20000000002295
0.8866158785859559,402.300000000023
0.8867256815222445,402.400000000023
0.8868354368382773,402.500000000023
0.8869451445391903,402.60000000002304
0.8870548046301187,402.70000000002307
0.8871644171161988,402.8000000000231
0.8872739820025651,402.9000000000231
0.8873834992943528,403.00000000002314
0.887492968996697,403.10000000002316
0.8876023911147313,403.2000000000232
0.8877117656535904,403.3000000000232
0.8878210926184066,403.4000000000232
0.8879303720143148,403.50000000002325
0.8880396038464466,403.6000000000233
0.8881487881199351,403.7000000000233
0.888257924839913,403.8000000000233
0.8883670140115126,403.90000000002334
0.8884760556398641,404.00000000002336
0.8885850497301006,404.1000000000234
0.8886939962873515,404.2000000000234
0.8888028953167488,404.30000000002343
0.8889117468234223,404.40000000002345
0.8890205508125022,404.5000000000235
0.8891293072891185,404.6000000000235
0.8892380162584005,404.7000000000235
0.8893466777254769,404.80000000002354
0.8894552916954768,404.90000000002357
0.8895638581735287,405.0000000000236
0.8896723771647606,405.1000000000236
0.8897808486743004,405.20000000002364
0.8898892727072757,405.30000000002366
0.8899976492688138,405.4000000000237
0.8901059783640415,405.5000000000237
0.8902142599980849,405.6000000000237
0.8903224941760706,405.70000000002375
0.8904306809031244,405.8000000000238
0.8905388201843717,405.9000000000238
0.8906469120249381,406.0000000000238
0.8907549564299482,406.10000000002384
0.8908642607862376,406.20000000002386
0.8909755519568568,406.3000000000239
0.891086796940586,406.4000000000239
0.8911979957422717,406.50000000002393
0.8913091483667609,406.60000000002395
0.8914202548188999,406.700000000024
0.8915313151035339,406.800000000024
0.8916423292255093,406.900000000024
0.8917532971896722,407.00000000002404
0.8918642190008667,407.10000000002407
0.8919750946639382,407.2000000000241
0.8920859241837301,407.3000000000241
0.8921967075650886,407.40000000002414
0.8923074448128555,407.50000000002416
0.8924181359318762,407.6000000000242
0.8925287809269935,407.7000000000242
0.8926393798030499,407.8000000000242
0.8927499325648882,407.90000000002425
0.8928604392173516,408.0000000000243
0.8929708997652819,408.1000000000243
0.8930813142135207,408.2000000000243
0.8931916825669098,408.30000000002434
0.8933020048302908,408.40000000002436
0.8934122810085039,408.5000000000244
0.8935225111063908,408.6000000000244
0.893632695128791,408.70000000002443
0.8937428330805447,408.80000000002445
0.8938529249664923,408.9000000000245
0.893962970791473,409.0000000000245
0.8940729705603251,409.1000000000245
0.8941829242778891,409.20000000002454
0.8942928319490029,409.30000000002457
0.8944026935785042,409.4000000000246
0.8945125091712317,409.5000000000246
0.8946222787320228,409.60000000002464
0.8947320022657159,409.70000000002466
0.8948416797771465,409.8000000000247
0.8949513112711526,409.9000000000247
0.8950608967525706,410.0000000000247
0.8951704362262367,410.10000000002475
0.8952799296969862,410.2000000000248
0.8953893771696555,410.3000000000248
0.8954987786490792,410.4000000000248
0.8956081341400939,410.50000000002484
0.8957174436475329,410.60000000002486
0.895826707176231,410.7000000000249
0.8959359247310227,410.8000000000249
0.8960450963167412,410.90000000002493
0.8961542219382215,411.00000000002495
0.8962633016002954,411.100000000025
0.8963723353077966,411.200000000025
0.8964813230655574,411.300000000025
0.896590264878411,411.40000000002505
0.896699160751188,411.50000000002507
0.8968080106887221,411.6000000000251
0.8969168146958434,411.7000000000251
0.8970255727773839,411.80000000002514
0.897134284938174,411.90000000002516
0.8972429511830449,412.0000000000252
0.8973515715168264,412.1000000000252
0.8974601459443484,412.2000000000252
0.8975686744704413,412.30000000002525
0.8976771570999341,412.4000000000253
0.8977855938376563,412.5000000000253
0.8978939846884361,412.6000000000253
0.8980023296571028,412.70000000002534
0.8981106287484846,412.80000000002536
0.8982188819674094,412.9000000000254
0.8983270893187039,413.0000000000254
0.8984352508071967,413.10000000002543
0.8985433664377144,413.20000000002545
0.8986514362150837,413.3000000000255
0.8987594601441314,413.4000000000255
0.8988674382296838,413.5000000000255
0.8989753704765662,413.60000000002555
0.8990832568896051,413.70000000002557
0.8991910974736246,413.8000000000256
0.899298892233451,413.9000000000256
0.8994066411739076,414.00000000002564
0.89951434429982,414.10000000002566
0.8996220016160127,414.2000000000257
0.8997296131273081,414.3000000000257
0.89983717883853,414.4000000000257
0.8999446987545032,414.50000000002575
0.900052172880049,414.6000000000258
0.9001596012199905,414.7000000000258
0.90026698377915,414.8000000000258
0.9003743205623501,414.90000000002584
0.9004816115744125,415.00000000002586
0.9005888568201578,415.1000000000259
0.9006960563044077,415.2000000000259
0.9008032100319832,415.30000000002593
0.9009103180077054,415.40000000002595
0.901017380236393,415.500000000026
0.9011243967228676,415.600000000026
0.901231367471949,415.700000000026
0.9013382924884549,415.80000000002605
0.9014451717772058,415.90000000002607
0.9015520053430204,416.0000000000261
0.9016587931907166,416.1000000000261
0.901765535325113,416.20000000002614
0.901872231751028,416.30000000002616
0.9019788824732785,416.4000000000262
0.9020854874966826,416.5000000000262
0.9021920468260561,416.6000000000262
0.9022985604662173,416.70000000002625
0.9024050284219816,416.8000000000263
0.9025114506981655,416.9000000000263
0.9026178272995851,417.0000000000263
0.9027241582310552,417.10000000002634
0.9028304434973922,417.20000000002636
0.9029366831034101,417.3000000000264
0.9030428770539236,417.4000000000264
0.9031490253537483,417.50000000002643
0.9032551280076971,417.60000000002645
0.9033611850205847,417.7000000000265
0.9034671963972233,417.8000000000265
0.9035731621424276,417.9000000000265
0.9036790822610092,418.00000000002655
0.9037849567577816,418.10000000002657
0.9038907856375572,418.2000000000266
0.9039965689051477,418.3000000000266
0.9041023065653647,418.40000000002664
0.9042079986230199,418.50000000002666
0.9043136450829244,418.6000000000267
0.9044192459498895,418.7000000000267
0.9045248012287245,418.8000000000267
0.9046303109242408,418.90000000002675
0.9047357750412486,419.0000000000268
0.9048411935845566,419.1000000000268
0.9049465665589748,419.2000000000268
0.9050518939693117,419.30000000002684
0.9051571758203774,419.40000000002686
0.9052624121169789,419.5000000000269
0.9053676028639249,419.6000000000269
0.9054727480660241,419.70000000002693
0.9055778477280829,419.80000000002696
0.9056829018549098,419.900000000027
0.9057879104513108,420.000000000027
0.9058928735220932,420.100000000027
0.9059977910720635,420.20000000002705
0.9061026631060272,420.30000000002707
0.9062074896287908,420.4000000000271
0.90631227064516,420.5000000000271
0.9064170061599398,420.60000000002714
0.9065216961779345,420.70000000002716
0.90662634070395,420.8000000000272
0.9067309397427902,420.9000000000272
0.9068354932992585,421.0000000000272
0.9069400013781596,421.10000000002725
0.9070444639842961,421.2000000000273
0.9071488811224724,421.3000000000273
0.9072532527974909,421.4000000000273
0.9073575790141535,421.50000000002734
0.9074618597772632,421.60000000002736
0.9075710685422329,421.7000000000274
0.9076819425250184,421.8000000000274
0.9077927734446992,421.90000000002743
0.9079035613055635,422.00000000002746
0.9080143061118978,422.1000000000275
0.9081250078679886,422.2000000000275
0.9082356665781246,422.3000000000275
0.9083462822465909,422.40000000002755
0.9084568548776742,422.50000000002757
0.9085673844756605,422.6000000000276
0.9086778710448357,422.7000000000276
0.9087883145894855,422.80000000002764
0.9088987151138942,422.90000000002766
0.9090090726223483,423.0000000000277
0.9091193871191314,423.1000000000277
0.9092296586085291,423.2000000000277
0.9093398870948247,423.30000000002775
0.9094500725823029,423.4000000000278
0.9095602150752474,423.5000000000278
0.9096703145779416,423.6000000000278
0.9097803710946686,423.70000000002784
0.9098903846297122,423.80000000002786
0.9100003551873546,423.9000000000279
0.9101102827718786,424.0000000000279
0.9102201673875662,424.10000000002793
0.9103300090387,424.20000000002796
0.9104398077295615,424.300000000028
0.9105495634644318,424.400000000028
0.9106592762475932,424.500000000028
0.9107689460833267,424.60000000002805
0.910878572975912,424.70000000002807
0.9109881569296304,424.8000000000281
0.9110976979487625,424.9000000000281
0.9112071960375884,425.00000000002814
0.9113166512003865,425.10000000002816
0.9114260634414384,425.2000000000282
0.9115354327650219,425.3000000000282
0.9116447591754174,425.40000000002823
0.9117540426769027,425.50000000002825
0.9118632832737567,425.6000000000283
0.9119724809702578,425.7000000000283
0.912081635770684,425.8000000000283
0.9121907476793131,425.90000000002834
0.9122998167004227,426.00000000002836
0.91240884283829,426.1000000000284
0.9125178260971933,426.2000000000284
0.9126267664814078,426.30000000002843
0.9127356639952106,426.40000000002846
0.9128445186428781,426.5000000000285
0.9129533304286869,426.6000000000285
0.9130620993569126,426.7000000000285
0.91317082543183,426.80000000002855
0.9132795086577153,426.90000000002857
0.9133881490388437,427.0000000000286
0.9134967465794895,427.1000000000286
0.9136053012839274,427.20000000002864
0.9137138131564322,427.30000000002866
0.913822282201278,427.4000000000287
0.9139307084227386,427.5000000000287
0.914039091825087,427.60000000002873
0.914147432412597,427.70000000002875
0.9142557301895418,427.8000000000288
0.9143639851601937,427.9000000000288
0.9144721973288265,428.0000000000288
0.9145803666997113,428.10000000002884
0.9146884932771212,428.20000000002887
0.914796577065328,428.3000000000289
0.9149046180686023,428.4000000000289
0.9150126162912164,428.50000000002893
0.9151205717374415,428.60000000002896
0.9152284844115479,428.700000000029
0.9153363543178069,428.800000000029
0.9154441814604884,428.900000000029
0.9155519658438624,429.00000000002905
0.9156597074721994,429.10000000002907
0.9157674063497684,429.2000000000291
0.9158750624808395,429.3000000000291
0.9159826758696817,429.40000000002914
0.9160902465205626,429.50000000002916
0.9161977744377527,429.6000000000292
0.9163052596255199,429.7000000000292
0.9164127020881314,429.80000000002923
0.9165201018298559,429.90000000002925
0.9166274588549612,430.0000000000293
0.9167347731677145,430.1000000000293
0.9168420447723824,430.2000000000293
0.9169492736732326,430.30000000002934
0.9170564598745313,430.40000000002937
0.9171636033805455,430.5000000000294
0.9172707041955405,430.6000000000294
0.9173777623237832,430.70000000002943
0.9174847777695383,430.80000000002946
0.9175917505370722,430.9000000000295
0.917698680630649,431.0000000000295
0.9178055680545347,431.1000000000295
0.9179124128129931,431.20000000002955
0.9180192149102893,431.30000000002957
0.9181259743506869,431.4000000000296
0.9182326911384506,431.5000000000296
0.9183393652778431,431.60000000002964
0.9184459967731283,431.70000000002966
0.9185525856285701,431.8000000000297
0.918659131848431,431.9000000000297
0.9187656354369723,432.00000000002973
0.9188720963984587,432.10000000002975
0.918978514737151,432.2000000000298
0.919084890457312,432.3000000000298
0.9191912235632024,432.4000000000298
0.9192975140590846,432.50000000002984
0.9194037619492185,432.60000000002987
0.9195099672378666,432.7000000000299
0.919616129929289,432.8000000000299
0.9197222500277464,432.90000000002993
0.9198283275374985,433.00000000002996
0.9199343624628056,433.10000000003
0.9200403548079271,433.20000000003
0.9201463045771229,433.30000000003
0.9202522117746522,433.40000000003005
0.9203580764047735,433.50000000003007
0.9204638984717467,433.6000000000301
0.9205696779798288,433.7000000000301
0.9206754149332783,433.80000000003014
0.9207811093363542,433.90000000003016
0.9208867611933136,434.0000000000302
0.920992370508414,434.1000000000302
0.9210979372859124,434.20000000003023
0.9212034615300667,434.30000000003025
0.921308943245133,434.4000000000303
0.9214143824353673,434.5000000000303
0.9215197791050269,434.6000000000303
0.9216251332583666,434.70000000003034
0.9217304448996435,434.80000000003037
0.9218357140331122,434.9000000000304
0.9219409406630282,435.0000000000304
0.9220461247936466,435.10000000003043
0.9221512664292226,435.20000000003046
0.92225636557401,435.3000000000305
0.9223614222322633,435.4000000000305
0.9224664364082366,435.5000000000305
0.9225714081061831,435.60000000003055
0.9226763373303577,435.70000000003057
0.9227812240850126,435.8000000000306
0.9228860683744013,435.9000000000306
0.9229908702027756,436.00000000003064
0.9230956295743893,436.10000000003066
0.9232003464934947,436.2000000000307
0.9233050209643429,436.3000000000307
0.923409652991186,436.40000000003073
0.9235142425782762,436.50000000003075
0.9236187897298641,436.6000000000308
0.9237232944502008,436.7000000000308
0.9238277567435377,436.8000000000308
0.9239321766141249,436.90000000003084
0.9240365540662124,437.00000000003087
0.9241408891040516,437.1000000000309
0.9242451817318905,437.2000000000309
0.9243494319539798,437.30000000003093
0.9244536397745687,437.40000000003096
0.924557805197906,437.500000000031
0.9246619282282412,437.600000000031
0.9247660088698219,437.700000000031
0.9248700471268972,437.80000000003105
0.9249740430037146,437.90000000003107
0.925077996504522,438.0000000000311
0.9251850683446267,438.1000000000311
0.9252922792772248,438.20000000003114
0.9253994489900738,438.30000000003116
0.9255065774871827,438.4000000000312
0.9256136647725606,438.5000000000312
0.9257207108502151,438.60000000003123
0.9258277157241551,438.70000000003125
0.9259346793983887,438.8000000000313
0.9260416018769236,438.9000000000313
0.9261484831637669,439.0000000000313
0.9262553232629266,439.10000000003134
0.926362122178409,439.20000000003137
0.9264688799142212,439.3000000000314
0.9265755964743699,439.4000000000314
0.9266822718628622,439.50000000003143
0.9267889060837027,439.60000000003146
0.9268954991408986,439.7000000000315
0.9270020510384556,439.8000000000315
0.9271085617803785,439.9000000000315
0.9272150313706731,440.00000000003155
0.9273214598133446,440.10000000003157
0.9274278471123965,440.2000000000316
0.9275341932718353,440.3000000000316
0.9276404982956642,440.40000000003164
0.9277467621878872,440.50000000003166
0.9278529849525093,440.6000000000317
0.9279591665935331,440.7000000000317
0.9280653071149626,440.80000000003173
0.9281714065208003,440.90000000003175
0.92827746481505,441.0000000000318
0.9283834820017144,441.1000000000318
0.9284894580847959,441.2000000000318
0.9285953930682961,441.30000000003184
0.9287012869562183,441.40000000003187
0.928807139752564,441.5000000000319
0.9289129514613341,441.6000000000319
0.9290187220865311,441.70000000003193
0.9291244516321557,441.80000000003196
0.929230140102208,441.900000000032
0.9293357875006902,442.000000000032
0.9294413938316023,442.100000000032
0.9295469590989441,442.20000000003205
0.9296524833067158,442.30000000003207
0.9297579664589174,442.4000000000321
0.9298634085595485,442.5000000000321
0.929968809612609,442.60000000003214
0.930074169622097,442.70000000003216
0.930179488592012,442.8000000000322
0.9302847665263526,442.9000000000322
0.9303900034291179,443.00000000003223
0.9304951993043047,443.10000000003225
0.9306003541559118,443.2000000000323
0.9307054679879375,443.3000000000323
0.9308105408043786,443.4000000000323
0.9309155726092329,443.50000000003234
0.9310205634064974,443.60000000003237
0.9311255132001682,443.7000000000324
0.931230421994243,443.8000000000324
0.9313352897927182,443.90000000003243
0.931440116599589,444.00000000003246
0.931544902418853,444.1000000000325
0.9316496472545039,444.2000000000325
0.9317543511105387,444.3000000000325
0.9318590139909524,444.40000000003255
0.9319636358997399,444.50000000003257
0.932068216840896,444.6000000000326
0.9321727568184158,444.7000000000326
0.932277255836293,444.80000000003264
0.9323817138985218,444.90000000003266
0.9324861310090965,445.0000000000327
0.9325905071720109,445.1000000000327
0.9326948423912578,445.20000000003273
0.932799136670831,445.30000000003275
0.9329033900147239,445.4000000000328
0.9330076024269284,445.5000000000328
0.9331117739114381,445.6000000000328
0.9332159044722445,445.70000000003284
0.9333199941133397,445.80000000003287
0.933424042838716,445.9000000000329
0.9335280506523653,446.0000000000329
0.9336320175582782,446.10000000003294
0.9337359435604465,446.20000000003296
0.9338398286628612,446.300000000033
0.9339436728695136,446.400000000033
0.9340474761843925,446.500000000033
0.93415123861149,446.60000000003305
0.934254960154795,446.70000000003307
0.9343586408182986,446.8000000000331
0.9344622806059895,446.9000000000331
0.9345658795218571,447.00000000003314
0.9346694375698904,447.10000000003316
0.9347729547540791,447.2000000000332
0.9348764310784118,447.3000000000332
0.9349798665468764,447.40000000003323
0.9350832611634617,447.50000000003325
0.9351866149321553,447.6000000000333
0.9352899278569461,447.7000000000333
0.93539319994182,447.8000000000333
0.9354964311907655,447.90000000003334
0.9355996216077697,448.00000000003337
0.9357027711968193,448.1000000000334
0.9358058799619013,448.2000000000334
0.9359089479070015,448.30000000003344
0.9360119750361067,448.40000000003346
0.9361149613532025,448.5000000000335
0.9362179068622751,448.6000000000335
0.9363208115673098,448.7000000000335
0.9364236754722925,448.80000000003355
0.9365264985812075,448.9000000000336
0.9366292808980402,449.0000000000336
0.9367320224267746,449.1000000000336
0.9368347231713962,449.20000000003364
0.936937383135888,449.30000000003366
0.9370400023242349,449.4000000000337
0.9371425807404207,449.5000000000337
0.9372451183884281,449.60000000003373
0.937347615272241,449.70000000003375
0.9374500713958425,449.8000000000338
0.9375524867632148,449.9000000000338
0.9376548613783415,450.0000000000338
0.9377571952452045,450.10000000003384
0.937859488367786,450.20000000003387
0.9379617407500677,450.3000000000339
0.9380639523960314,450.4000000000339
0.9381661233096591,450.50000000003394
0.9382682534949314,450.60000000003396
0.9383703429558301,450.700000000034
0.9384723916963353,450.800000000034
0.9385743997204279,450.900000000034
0.9386763670320882,451.00000000003405
0.9387782936352963,451.1000000000341
0.9388801795340319,451.2000000000341
0.9389820247322754,451.3000000000341
0.9390838292340055,451.40000000003414
0.9391855930432018,451.50000000003416
0.9392873161638433,451.6000000000342
0.9393889985999095,451.7000000000342
0.9394906403553771,451.80000000003423
0.9395922414342258,451.90000000003425
0.9396938018404338,452.0000000000343
0.9397953215779782,452.1000000000343
0.9398968006508374,452.2000000000343
0.939998239062988,452.30000000003434
0.9400996368184082,452.40000000003437
0.9402009939210738,452.5000000000344
0.9403023103749627,452.6000000000344
0.9404035861840508,452.70000000003444
0.9405048213523145,452.80000000003446
0.9406060158837303,452.9000000000345
0.9407071697822733,453.0000000000345
0.9408082830519197,453.1000000000345
0.9409093556966442,453.20000000003455
0.9410103877204228,453.3000000000346
0.94111137912723,453.4000000000346
0.9412123299210406,453.5000000000346
0.9413132401058294,453.60000000003464
0.9414141096855699,453.70000000003466
0.9415149386642364,453.8000000000347
0.9416157270458035,453.9000000000347
0.9417164748342441,454.00000000003473
0.9418171820335316,454.10000000003475
0.9419178486476389,454.2000000000348
0.9420184746805398,454.3000000000348
0.9421190601362062,454.4000000000348
0.9422196050186107,454.50000000003485
0.9423201093317256,454.60000000003487
0.942420573079523,454.7000000000349
0.9425209962659747,454.8000000000349
0.9426213788950517,454.90000000003494
0.9427217209707264,455.00000000003496
0.9428220224969689,455.100000000035
0.9429222834777506,455.200000000035
0.9430225039170423,455.300000000035
0.9431265355402427,455.40000000003505
0.9432333584367174,455.5000000000351
0.9433401430038557,455.6000000000351
0.9434468892451849,455.7000000000351
0.9435535971642356,455.80000000003514
0.9436602667645365,455.90000000003516
0.9437668980496161,456.0000000000352
0.9438734910230034,456.1000000000352
0.943980045688227,456.20000000003523
0.9440865620488145,456.30000000003525
0.9441930401082943,456.4000000000353
0.9442994798701942,456.5000000000353
0.9444058813380422,456.6000000000353
0.9445122445153651,456.70000000003535
0.944618569405691,456.80000000003537
0.9447248560125465,456.9000000000354
0.9448311043394584,457.0000000000354
0.9449373143899543,457.10000000003544
0.9450434861675596,457.20000000003546
0.9451496196758017,457.3000000000355
0.9452557149182058,457.4000000000355
0.9453617718982987,457.5000000000355
0.9454677906196055,457.60000000003555
0.945573771085652,457.7000000000356
0.9456797132999639,457.8000000000356
0.945785617266066,457.9000000000356
0.9458914829874837,458.00000000003564
0.9459973104677423,458.10000000003566
0.9461030997103651,458.2000000000357
0.9462088507188774,458.3000000000357
0.9463145634968031,458.40000000003573
0.9464202380476671,458.50000000003575
0.946525874374992,458.6000000000358
0.9466314724823031,458.7000000000358
0.9467370323731226,458.8000000000358
0.9468425540509741,458.90000000003585
0.946948037519381,459.00000000003587
0.9470534827818665,459.1000000000359
0.9471588898419526,459.2000000000359
0.9472642587031623,459.30000000003594
0.9473695893690183,459.40000000003596
0.9474748818430421,459.500000000036
0.947580136128756,459.600000000036
0.947685352229682,459.700000000036
0.9477905301493414,459.80000000003605
0.9478956698912562,459.9000000000361
0.9480007714589466,460.0000000000361
0.9481058348559347,460.1000000000361
0.9482108600857412,460.20000000003614
0.9483158471518859,460.30000000003616
0.94842079605789,460.4000000000362
0.9485257068072738,460.5000000000362
0.9486305794035577,460.60000000003623
0.9487354138502605,460.70000000003625
0.9488402101509025,460.8000000000363
0.9489449683090042,460.9000000000363
0.9490496883280839,461.0000000000363
0.9491543702116608,461.10000000003635
0.9492590139632543,461.20000000003637
0.9493636195863829,461.3000000000364
0.9494681870845647,461.4000000000364
0.9495727164613197,461.50000000003644
0.9496772077201642,461.60000000003646
0.9497816608646171,461.7000000000365
0.9498860758981965,461.8000000000365
0.9499904528244193,461.9000000000365
0.950094791646804,462.00000000003655
0.9501990923688673,462.1000000000366
0.9503033549941258,462.2000000000366
0.9504075795260973,462.3000000000366
0.9505117659682977,462.40000000003664
0.950615914324244,462.50000000003666
0.950720024597453,462.6000000000367
0.9508240967914392,462.7000000000367
0.9509281309097205,462.80000000003673
0.9510321269558112,462.90000000003675
0.9511360849332272,463.0000000000368
0.9512400048454845,463.1000000000368
0.9513438866960978,463.2000000000368
0.9514477304885822,463.30000000003685
0.9515515362264526,463.40000000003687
0.9516553039132233,463.5000000000369
0.9517590335524087,463.6000000000369
0.9518627251475242,463.70000000003694
0.9519663787020819,463.80000000003696
0.9520699942195975,463.900000000037
0.9521735717035836,464.000000000037
0.9522771111575536,464.100000000037
0.9523806125850215,464.20000000003705
0.9524840759895004,464.3000000000371
0.9525875013745027,464.4000000000371
0.9526908887435412,464.5000000000371
0.9527942381001289,464.60000000003714
0.9528975494477776,464.70000000003716
0.9530008227899999,464.8000000000372
0.9531040581303076,464.9000000000372
0.9532072554722125,465.00000000003723
0.9533104148192256,465.10000000003726
0.9534135361748596,465.2000000000373
0.9535166195426248,465.3000000000373
0.9536196649260327,465.4000000000373
0.953722672328593,465.50000000003735
0.9538256417538183,465.60000000003737
0.953928573205218,465.7000000000374
0.9540314666863019,465.8000000000374
0.9541343222005808,465.90000000003744
0.9542371397515644,466.00000000003746
0.954339919342762,466.1000000000375
0.9544426609776843,466.2000000000375
0.9545453646598394,466.3000000000375
0.954648030392737,466.40000000003755
0.954750658179886,466.5000000000376
0.9548532480247951,466.6000000000376
0.9549557999309732,466.7000000000376
0.9550583139019282,466.80000000003764
0.9551607899411684,466.90000000003766
0.9552632280522018,467.0000000000377
0.9553656282385368,467.1000000000377
0.9554679905036807,467.20000000003773
0.9555703148511406,467.30000000003776
0.955672601284424,467.4000000000378
0.9557748498070375,467.5000000000378
0.9558770604224892,467.6000000000378
0.9559792331342848,467.70000000003785
0.9560813679459306,467.80000000003787
0.956183464860934,467.9000000000379
0.9562855238828003,468.0000000000379
0.9563875450150359,468.10000000003794
0.9564895282611457,468.20000000003796
0.956591473624636,468.300000000038
0.9566933811090121,468.400000000038
0.9567952507177795,468.500000000038
0.9568970824544426,468.60000000003805
0.9569988763225059,468.7000000000381
0.9571006323254753,468.8000000000381
0.9572023504668538,468.9000000000381
0.9573040307501471,469.00000000003814
0.9574056731788574,469.10000000003816
0.9575072777564902,469.2000000000382
0.9576088444865488,469.3000000000382
0.9577103733725358,469.40000000003823
0.9578118644179558,469.50000000003826
0.9579133176263112,469.6000000000383
0.9580147330011051,469.7000000000383
0.9581161105458395,469.8000000000383
0.9582174502640182,469.90000000003835
0.9583187521591431,470.00000000003837
0.9584200162347156,470.1000000000384
0.9585212424942385,470.2000000000384
0.9586224309412132,470.30000000003844
0.9587235815791421,470.40000000003846
0.9588246944115255,470.5000000000385
0.9589257694418659,470.6000000000385
0.9590268066736625,470.70000000003853
0.9591278061104179,470.80000000003855
0.9592287677556315,470.9000000000386
0.9593296916128047,471.0000000000386
0.9594305776854377,471.1000000000386
0.9595314259770297,471.20000000003864
0.9596322364910819,471.30000000003866
0.9597330092310928,471.4000000000387
0.9598337442005627,471.5000000000387
0.9599344414029906,471.60000000003873
0.9600351008418758,471.70000000003876
0.960135722520717,471.8000000000388
0.9602363064430135,471.9000000000388
0.9603368526122638,472.0000000000388
0.9604373610319659,472.10000000003885
0.9605378317056186,472.20000000003887
0.9606382646367184,472.3000000000389
0.960738659828765,472.4000000000389
0.9608390172852559,472.50000000003894
0.9609393370096868,472.60000000003896
0.9610396190055566,472.700000000039
0.9611398632763624,472.800000000039
0.9612400698256,472.90000000003903
0.9613402386567671,473.00000000003905
0.9614403697733592,473.1000000000391
0.9615404631788742,473.2000000000391
0.9616405188768068,473.3000000000391
0.9617405368706534,473.40000000003914
0.9618405171639096,473.50000000003917
0.9619404597600715,473.6000000000392
0.9620403646626345,473.7000000000392
0.9621419910056739,473.80000000003923
0.9622451621287275,473.90000000003926
0.9623482966260264,474.0000000000393
0.9624513945008623,474.1000000000393
0.9625544557565257,474.2000000000393
0.9626574803963082,474.30000000003935
0.9627604684234997,474.40000000003937
0.962863419841391,474.5000000000394
0.9629663346532726,474.6000000000394
0.9630692128624349,474.70000000003944
0.9631720544721672,474.80000000003946
0.96327485948576,474.9000000000395
0.9633776279065032,475.0000000000395
0.9634803597376852,475.10000000003953
0.9635830549825961,475.20000000003955
0.9636857136445252,475.3000000000396
0.963788335726761,475.4000000000396
0.9638909212325923,475.5000000000396
0.9639934701653083,475.60000000003964
0.9640959825281968,475.70000000003967
0.9641984583245465,475.8000000000397
0.9643008975576458,475.9000000000397
0.9644033002307817,476.00000000003973
0.9645056663472427,476.10000000003976
0.9646079959103165,476.2000000000398
0.9647102889232901,476.3000000000398
0.964812545389451,476.4000000000398
0.9649147653120856,476.50000000003985
0.9650169486944824,476.60000000003987
0.9651190955399268,476.7000000000399
0.9652212058517056,476.8000000000399
0.9653232796331054,476.90000000003994
0.9654253168874122,477.00000000003996
0.9655273176179126,477.10000000004
0.9656292818278921,477.20000000004
0.9657312095206363,477.30000000004003
0.9658331006994306,477.40000000004005
0.9659349553675608,477.5000000000401
0.9660367735283122,477.6000000000401
0.9661385551849692,477.7000000000401
0.9662403003408172,477.80000000004014
0.9663420089991402,477.90000000004017
0.966443681163224,478.0000000000402
0.9665453168363515,478.1000000000402
0.9666469160218076,478.20000000004023
0.9667484787228764,478.30000000004026
0.9668500049428415,478.4000000000403
0.9669514946849859,478.5000000000403
0.9670529479525942,478.6000000000403
0.9671543647489493,478.70000000004035
0.967255745077334,478.80000000004037
0.9673570889410315,478.9000000000404
0.9674583963433246,479.0000000000404
0.9675596672874962,479.10000000004044
0.9676609017768282,479.20000000004046
0.9677620998146029,479.3000000000405
0.967863261404103,479.4000000000405
0.9679643865486101,479.50000000004053
0.9680654752514058,479.60000000004055
0.9681665275157716,479.7000000000406
0.9682675433449888,479.8000000000406
0.9683685227423394,479.9000000000406
0.9684694657111039,480.00000000004064
0.9685703722545632,480.10000000004067
0.9686712423759982,480.2000000000407
0.9687720760786894,480.3000000000407
0.9688728733659173,480.40000000004073
0.968973634240962,480.50000000004076
0.9690743587071031,480.6000000000408
0.9691750467676211,480.7000000000408
0.9692756984257955,480.8000000000408
0.9693763136849057,480.90000000004085
0.9694768925482312,481.00000000004087
0.969577435019051,481.1000000000409
0.9696779411006442,481.2000000000409
0.9697784107962901,481.30000000004094
0.9698788441092667,481.40000000004096
0.9699792410428524,481.500000000041
0.9700796016003259,481.600000000041
0.9701799257849651,481.70000000004103
0.9702802136000486,481.80000000004105
0.970380465048854,481.9000000000411
0.970480680134658,482.0000000000411
0.9705808588607391,482.1000000000411
0.9706810012303743,482.20000000004114
0.9707811072468406,482.30000000004117
0.9708811769134145,482.4000000000412
0.9709812102333739,482.5000000000412
0.9710812072099947,482.60000000004123
0.971181167846553,482.70000000004126
0.971281092146326,482.8000000000413
0.9713809801125891,482.9000000000413
0.9714808317486178,483.0000000000413
0.9715806470576895,483.10000000004135
0.971680426043078,483.20000000004137
0.9717801687080591,483.3000000000414
0.9718798750559087,483.4000000000414
0.9719795450899013,483.50000000004144
0.9720791788133123,483.60000000004146
0.9721787762294161,483.7000000000415
0.9722783373414868,483.8000000000415
0.9723778621527995,483.90000000004153
0.9724773506666278,484.00000000004155
0.9725768028862463,484.1000000000416
0.9726762188149285,484.2000000000416
0.9727755984559481,484.3000000000416
0.9728749418125786,484.40000000004164
0.9729742488880931,484.50000000004167
0.9730735196857655,484.6000000000417
0.9731727542088683,484.7000000000417
0.9732719524606743,484.80000000004173
0.9733711144444566,484.90000000004176
0.9734702401634866,485.0000000000418
0.9735693296210378,485.1000000000418
0.973668382820382,485.2000000000418
0.9737673997647913,485.30000000004185
0.9738663804575369,485.40000000004187
0.9739653249018905,485.5000000000419
0.9740642331011244,485.6000000000419
0.9741631050585092,485.70000000004194
0.9742619407773158,485.80000000004196
0.9743607402608154,485.900000000042
0.97445950351228,486.000000000042
0.9745582305349781,486.10000000004203
0.974656921332181,486.20000000004205
0.974755575907159,486.3000000000421
0.9748541942631825,486.4000000000421
0.9749527764035208,486.5000000000421
0.975051322331444,486.60000000004214
0.9751498320502218,486.70000000004217
0.9752483055631234,486.8000000000422
0.9753467428734183,486.9000000000422
0.9754451439843744,487.00000000004223
0.9755435088992622,487.10000000004226
0.9756418376213498,487.2000000000423
0.9757401301539053,487.3000000000423
0.9758383865001977,487.4000000000423
0.9759366066634942,487.50000000004235
0.9760347906470641,487.60000000004237
0.9761329384541748,487.7000000000424
0.9762310500880937,487.8000000000424
0.9763291255520885,487.90000000004244
0.9764271648494263,488.00000000004246
0.9765251679833747,488.1000000000425
0.9766231349572004,488.2000000000425
0.9767210657741704,488.30000000004253
0.976818960437551,488.40000000004255
0.976916818950609,488.5000000000426
0.9770146413166108,488.6000000000426
0.9771124275388228,488.7000000000426
0.9772101776205098,488.80000000004264
0.9773078915649389,488.90000000004267
0.9774055693753749,489.0000000000427
0.9775032110550834,489.1000000000427
0.9776008166073303,489.20000000004273
0.9776983860353798,489.30000000004276
0.977795919342498,489.4000000000428
0.977893416531948,489.5000000000428
0.9779908776069957,489.6000000000428
0.9780883025709057,489.70000000004285
0.9781856914269416,489.80000000004287
0.978283044178367,489.9000000000429
0.9783803608284473,490.0000000000429
0.9784776413804447,490.10000000004294
0.978574885837624,490.20000000004296
0.9786720942032475,490.300000000043
0.9787692664805793,490.400000000043
0.9788664026728824,490.50000000004303
0.9789635027834189,490.60000000004305
0.9790605668154524,490.7000000000431
0.9791575947722451,490.8000000000431
0.9792545866570591,490.9000000000431
0.9793515424731573,491.00000000004314
0.9794484622238009,491.10000000004317
0.9795453459122522,491.2000000000432
0.9796421935417734,491.3000000000432
0.9797390051156248,491.40000000004324
0.9798357806370689,491.50000000004326
0.9799325201093662,491.6000000000433
0.9800292235357781,491.7000000000433
0.9801258909195648,491.8000000000433
0.980222522263988,491.90000000004335
0.9803191175723074,492.00000000004337
0.9804156768477832,492.1000000000434
0.980512200093676,492.2000000000434
0.980608687313246,492.30000000004344
0.9807051385097524,492.40000000004346
0.9808015536864546,492.5000000000435
0.9808979328466133,492.6000000000435
0.9809942759934869,492.70000000004353
0.9810905831303347,492.80000000004355
0.9811868542604151,492.9000000000436
0.9812830893869878,493.0000000000436
0.9813792885133114,493.1000000000436
0.981475451642643,493.20000000004364
0.9815734911773214,493.30000000004367
0.9816762650838704,493.4000000000437
0.9817790050344238,493.5000000000437
0.9818817110318631,493.60000000004374
0.9819843830790709,493.70000000004376
0.9820870211789292,493.8000000000438
0.9821896253343205,493.9000000000438
0.9822921955481266,494.0000000000438
0.982394731823229,494.10000000004385
0.9824972341625098,494.2000000000439
0.9825997025688499,494.3000000000439
0.9827021370451309,494.4000000000439
0.9828045375942344,494.50000000004394
0.9829069042190408,494.60000000004396
0.9830092369224315,494.700000000044
0.9831115357072872,494.800000000044
0.9832138005764878,494.90000000004403
0.9833160315329154,495.00000000004405
0.9834182285794488,495.1000000000441
0.9835203917189685,495.2000000000441
0.9836225209543555,495.3000000000441
0.983724616288489,495.40000000004414
0.9838266777242488,495.50000000004417
0.9839287052645145,495.6000000000442
0.9840306989121654,495.7000000000442
0.9841326586700817,495.80000000004424
0.9842345845411418,495.90000000004426
0.9843364765282249,496.0000000000443
0.9844383346342104,496.1000000000443
0.984540158861976,496.2000000000443
0.9846419492144017,496.30000000004435
0.984743705694365,496.4000000000444
0.984845428304745,496.5000000000444
0.9849471170484188,496.6000000000444
0.9850487719282656,496.70000000004444
0.9851503929471632,496.80000000004446
0.9852519801079886,496.9000000000445
0.9853535334136199,497.0000000000445
0.985455052866935,497.10000000004453
0.9855565384708108,497.20000000004455
0.9856579902281241,497.3000000000446
0.985759408141753,497.4000000000446
0.9858607922145737,497.5000000000446
0.9859621424494628,497.60000000004464
0.986063458849298,497.70000000004467
0.9861647414169544,497.8000000000447
0.9862659901553098,497.9000000000447
0.9863672050672393,498.00000000004474
0.9864683861556193,498.10000000004476
0.9865695334233259,498.2000000000448
0.9866706468732347,498.3000000000448
0.9867717265082216,498.4000000000448
0.9868727723311618,498.50000000004485
0.9869737843449303,498.6000000000449
0.9870747625524036,498.7000000000449
0.9871757069564553,498.8000000000449
0.9872766175599612,498.90000000004494
0.9873774943657962,499.00000000004496
0.9874783373768343,499.100000000045
0.9875791465959508,499.200000000045
0.9876799220260194,499.30000000004503
0.9877806636699141,499.40000000004505
0.9878813715305098,499.5000000000451
0.98798204561068,499.6000000000451
0.9880826859132983,499.7000000000451
0.9881832924412387,499.80000000004515
0.9882838651973747,499.90000000004517
